snapshot_id,subtrack,provider,series_id,observation_date,realtime_start,realtime_end,value,unit,fetch_status,fetched_at_utc
2026-10-10T010329Z,C-US,FRED,DFF,2025-10-07,2026-10-09,2026-10-09,4.09,%,ok,2026-10-10T01:03:27.865455+00:00
2026-10-10T010329Z,C-US,FRED,DFF,2025-10-08,2026-10-09,2026-10-09,4.1,%,ok,2026-10-10T01:03:27.865455+00:00
2026-10-10T010329Z,C-US,FRED,DFF,2025-10-09,2026-10-09,2026-10-09,4.1,%,ok,2026-10-10T01:03:27.865455+00:00
2026-10-10T010329Z,C-US,FRED,DFF,2025-10-10,2026-10-09,2026-10-09,4.1,%,ok,2026-10-10T01:03:27.865455+00:00
2026-10-10T010329Z,C-US,FRED,DFF,2025-10-11,2026-10-09,2026-10-09,4.1,%,ok,2026-10-10T01:03:27.865455+00:00
2026-10-10T010329Z,C-US,FRED,DFF,2025-10-12,2026-10-09,2026-10-09,4.1,%,ok,2026-10-10T01:03:27.865455+00:00
2026-10-10T010329Z,C-US,FRED,DFF,2025-10-13,2026-10-09,2026-10-09,4.1,%,ok,2026-10-10T01:03:27.865455+00:00
2026-10-10T010329Z,C-US,FRED,DFF,2025-10-14,2026-10-09,2026-10-09,4.1,%,ok,2026-10-10T01:03:27.865455+00:00
2026-10-10T010329Z,C-US,FRED,DFF,2025-10-15,2026-10-09,2026-10-09,4.1,%,ok,2026-10-10T01:03:27.865455+00:00
2026-10-10T010329Z,C-US,FRED,DFF,2025-10-16,2026-10-09,2026-10-09,4.11,%,ok,2026-10-10T01:03:27.865455+00:00
2026-10-10T010329Z,C-US,FRED,DFF,2025-10-17,2026-10-09,2026-10-09,4.11,%,ok,2026-10-10T01:03:27.865455+00:00
2026-10-10T010329Z,C-US,FRED,DFF,2025-10-18,2026-10-09,2026-10-09,4.11,%,ok,2026-10-10T01:03:27.865455+00:00
2026-10-10T010329Z,C-US,FRED,DFF,2025-10-19,2026-10-09,2026-10-09,4.11,%,ok,2026-10-10T01:03:27.865455+00:00
2026-10-10T010329Z,C-US,FRED,DFF,2025-10-20,2026-10-09,2026-10-09,4.11,%,ok,2026-10-10T01:03:27.865455+00:00
2026-10-10T010329Z,C-US,FRED,DFF,2025-10-21,2026-10-09,2026-10-09,4.11,%,ok,2026-10-10T01:03:27.865455+00:00
2026-10-10T010329Z,C-US,FRED,DFF,2025-10-22,2026-10-09,2026-10-09,4.11,%,ok,2026-10-10T01:03:27.865455+00:00
2026-10-10T010329Z,C-US,FRED,DFF,2025-10-23,2026-10-09,2026-10-09,4.11,%,ok,2026-10-10T01:03:27.865455+00:00
2026-10-10T010329Z,C-US,FRED,DFF,2025-10-24,2026-10-09,2026-10-09,4.11,%,ok,2026-10-10T01:03:27.865455+00:00
2026-10-10T010329Z,C-US,FRED,DFF,2025-10-25,2026-10-09,2026-10-09,4.11,%,ok,2026-10-10T01:03:27.865455+00:00
2026-10-10T010329Z,C-US,FRED,DFF,2025-10-26,2026-10-09,2026-10-09,4.11,%,ok,2026-10-10T01:03:27.865455+00:00
2026-10-10T010329Z,C-US,FRED,DFF,2025-10-27,2026-10-09,2026-10-09,4.12,%,ok,2026-10-10T01:03:27.865455+00:00
2026-10-10T010329Z,C-US,FRED,DFF,2025-10-28,2026-10-09,2026-10-09,4.12,%,ok,2026-10-10T01:03:27.865455+00:00
2026-10-10T010329Z,C-US,FRED,DFF,2025-10-29,2026-10-09,2026-10-09,4.12,%,ok,2026-10-10T01:03:27.865455+00:00
2026-10-10T010329Z,C-US,FRED,DFF,2025-10-30,2026-10-09,2026-10-09,3.87,%,ok,2026-10-10T01:03:27.865455+00:00
2026-10-10T010329Z,C-US,FRED,DFF,2025-10-31,2026-10-09,2026-10-09,3.86,%,ok,2026-10-10T01:03:27.865455+00:00
2026-10-10T010329Z,C-US,FRED,DFF,2025-11-01,2026-10-09,2026-10-09,3.86,%,ok,2026-10-10T01:03:27.865455+00:00
2026-10-10T010329Z,C-US,FRED,DFF,2025-11-02,2026-10-09,2026-10-09,3.86,%,ok,2026-10-10T01:03:27.865455+00:00
2026-10-10T010329Z,C-US,FRED,DFF,2025-11-03,2026-10-09,2026-10-09,3.87,%,ok,2026-10-10T01:03:27.865455+00:00
2026-10-10T010329Z,C-US,FRED,DFF,2025-11-04,2026-10-09,2026-10-09,3.87,%,ok,2026-10-10T01:03:27.865455+00:00
2026-10-10T010329Z,C-US,FRED,DFF,2025-11-05,2026-10-09,2026-10-09,3.87,%,ok,2026-10-10T01:03:27.865455+00:00
2026-10-10T010329Z,C-US,FRED,DFF,2025-11-06,2026-10-09,2026-10-09,3.87,%,ok,2026-10-10T01:03:27.865455+00:00
2026-10-10T010329Z,C-US,FRED,DFF,2025-11-07,2026-10-09,2026-10-09,3.87,%,ok,2026-10-10T01:03:27.865455+00:00
2026-10-10T010329Z,C-US,FRED,DFF,2025-11-08,2026-10-09,2026-10-09,3.87,%,ok,2026-10-10T01:03:27.865455+00:00
2026-10-10T010329Z,C-US,FRED,DFF,2025-11-09,2026-10-09,2026-10-09,3.87,%,ok,2026-10-10T01:03:27.865455+00:00
2026-10-10T010329Z,C-US,FRED,DFF,2025-11-10,2026-10-09,2026-10-09,3.87,%,ok,2026-10-10T01:03:27.865455+00:00
2026-10-10T010329Z,C-US,FRED,DFF,2025-11-11,2026-10-09,2026-10-09,3.87,%,ok,2026-10-10T01:03:27.865455+00:00
2026-10-10T010329Z,C-US,FRED,DFF,2025-11-12,2026-10-09,2026-10-09,3.87,%,ok,2026-10-10T01:03:27.865455+00:00
2026-10-10T010329Z,C-US,FRED,DFF,2025-11-13,2026-10-09,2026-10-09,3.88,%,ok,2026-10-10T01:03:27.865455+00:00
2026-10-10T010329Z,C-US,FRED,DFF,2025-11-14,2026-10-09,2026-10-09,3.88,%,ok,2026-10-10T01:03:27.865455+00:00
2026-10-10T010329Z,C-US,FRED,DFF,2025-11-15,2026-10-09,2026-10-09,3.88,%,ok,2026-10-10T01:03:27.865455+00:00
2026-10-10T010329Z,C-US,FRED,DFF,2025-11-16,2026-10-09,2026-10-09,3.88,%,ok,2026-10-10T01:03:27.865455+00:00
2026-10-10T010329Z,C-US,FRED,DFF,2025-11-17,2026-10-09,2026-10-09,3.88,%,ok,2026-10-10T01:03:27.865455+00:00
2026-10-10T010329Z,C-US,FRED,DFF,2025-11-18,2026-10-09,2026-10-09,3.88,%,ok,2026-10-10T01:03:27.865455+00:00
2026-10-10T010329Z,C-US,FRED,DFF,2025-11-19,2026-10-09,2026-10-09,3.88,%,ok,2026-10-10T01:03:27.865455+00:00
2026-10-10T010329Z,C-US,FRED,DFF,2025-11-20,2026-10-09,2026-10-09,3.88,%,ok,2026-10-10T01:03:27.865455+00:00
2026-10-10T010329Z,C-US,FRED,DFF,2025-11-21,2026-10-09,2026-10-09,3.88,%,ok,2026-10-10T01:03:27.865455+00:00
2026-10-10T010329Z,C-US,FRED,DFF,2025-11-22,2026-10-09,2026-10-09,3.88,%,ok,2026-10-10T01:03:27.865455+00:00
2026-10-10T010329Z,C-US,FRED,DFF,2025-11-23,2026-10-09,2026-10-09,3.88,%,ok,2026-10-10T01:03:27.865455+00:00
2026-10-10T010329Z,C-US,FRED,DFF,2025-11-24,2026-10-09,2026-10-09,3.88,%,ok,2026-10-10T01:03:27.865455+00:00
2026-10-10T010329Z,C-US,FRED,DFF,2025-11-25,2026-10-09,2026-10-09,3.88,%,ok,2026-10-10T01:03:27.865455+00:00
2026-10-10T010329Z,C-US,FRED,DFF,2025-11-26,2026-10-09,2026-10-09,3.88,%,ok,2026-10-10T01:03:27.865455+00:00
2026-10-10T010329Z,C-US,FRED,DFF,2025-11-27,2026-10-09,2026-10-09,3.88,%,ok,2026-10-10T01:03:27.865455+00:00
2026-10-10T010329Z,C-US,FRED,DFF,2025-11-28,2026-10-09,2026-10-09,3.89,%,ok,2026-10-10T01:03:27.865455+00:00
2026-10-10T010329Z,C-US,FRED,DFF,2025-11-29,2026-10-09,2026-10-09,3.89,%,ok,2026-10-10T01:03:27.865455+00:00
2026-10-10T010329Z,C-US,FRED,DFF,2025-11-30,2026-10-09,2026-10-09,3.89,%,ok,2026-10-10T01:03:27.865455+00:00
2026-10-10T010329Z,C-US,FRED,DFF,2025-12-01,2026-10-09,2026-10-09,3.89,%,ok,2026-10-10T01:03:27.865455+00:00
2026-10-10T010329Z,C-US,FRED,DFF,2025-12-02,2026-10-09,2026-10-09,3.89,%,ok,2026-10-10T01:03:27.865455+00:00
2026-10-10T010329Z,C-US,FRED,DFF,2025-12-03,2026-10-09,2026-10-09,3.89,%,ok,2026-10-10T01:03:27.865455+00:00
2026-10-10T010329Z,C-US,FRED,DFF,2025-12-04,2026-10-09,2026-10-09,3.89,%,ok,2026-10-10T01:03:27.865455+00:00
2026-10-10T010329Z,C-US,FRED,DFF,2025-12-05,2026-10-09,2026-10-09,3.89,%,ok,2026-10-10T01:03:27.865455+00:00
2026-10-10T010329Z,C-US,FRED,DFF,2025-12-06,2026-10-09,2026-10-09,3.89,%,ok,2026-10-10T01:03:27.865455+00:00
2026-10-10T010329Z,C-US,FRED,DFF,2025-12-07,2026-10-09,2026-10-09,3.89,%,ok,2026-10-10T01:03:27.865455+00:00
2026-10-10T010329Z,C-US,FRED,DFF,2025-12-08,2026-10-09,2026-10-09,3.89,%,ok,2026-10-10T01:03:27.865455+00:00
2026-10-10T010329Z,C-US,FRED,DFF,2025-12-09,2026-10-09,2026-10-09,3.89,%,ok,2026-10-10T01:03:27.865455+00:00
2026-10-10T010329Z,C-US,FRED,DFF,2025-12-10,2026-10-09,2026-10-09,3.89,%,ok,2026-10-10T01:03:27.865455+00:00
2026-10-10T010329Z,C-US,FRED,DFF,2025-12-11,2026-10-09,2026-10-09,3.64,%,ok,2026-10-10T01:03:27.865455+00:00
2026-10-10T010329Z,C-US,FRED,DFF,2025-12-12,2026-10-09,2026-10-09,3.64,%,ok,2026-10-10T01:03:27.865455+00:00
2026-10-10T010329Z,C-US,FRED,DFF,2025-12-13,2026-10-09,2026-10-09,3.64,%,ok,2026-10-10T01:03:27.865455+00:00
2026-10-10T010329Z,C-US,FRED,DFF,2025-12-14,2026-10-09,2026-10-09,3.64,%,ok,2026-10-10T01:03:27.865455+00:00
2026-10-10T010329Z,C-US,FRED,DFF,2025-12-15,2026-10-09,2026-10-09,3.64,%,ok,2026-10-10T01:03:27.865455+00:00
2026-10-10T010329Z,C-US,FRED,DFF,2025-12-16,2026-10-09,2026-10-09,3.64,%,ok,2026-10-10T01:03:27.865455+00:00
2026-10-10T010329Z,C-US,FRED,DFF,2025-12-17,2026-10-09,2026-10-09,3.64,%,ok,2026-10-10T01:03:27.865455+00:00
2026-10-10T010329Z,C-US,FRED,DFF,2025-12-18,2026-10-09,2026-10-09,3.64,%,ok,2026-10-10T01:03:27.865455+00:00
2026-10-10T010329Z,C-US,FRED,DFF,2025-12-19,2026-10-09,2026-10-09,3.64,%,ok,2026-10-10T01:03:27.865455+00:00
2026-10-10T010329Z,C-US,FRED,DFF,2025-12-20,2026-10-09,2026-10-09,3.64,%,ok,2026-10-10T01:03:27.865455+00:00
2026-10-10T010329Z,C-US,FRED,DFF,2025-12-21,2026-10-09,2026-10-09,3.64,%,ok,2026-10-10T01:03:27.865455+00:00
2026-10-10T010329Z,C-US,FRED,DFF,2025-12-22,2026-10-09,2026-10-09,3.64,%,ok,2026-10-10T01:03:27.865455+00:00
2026-10-10T010329Z,C-US,FRED,DFF,2025-12-23,2026-10-09,2026-10-09,3.64,%,ok,2026-10-10T01:03:27.865455+00:00
2026-10-10T010329Z,C-US,FRED,DFF,2025-12-24,2026-10-09,2026-10-09,3.64,%,ok,2026-10-10T01:03:27.865455+00:00
2026-10-10T010329Z,C-US,FRED,DFF,2025-12-25,2026-10-09,2026-10-09,3.64,%,ok,2026-10-10T01:03:27.865455+00:00
2026-10-10T010329Z,C-US,FRED,DFF,2025-12-26,2026-10-09,2026-10-09,3.64,%,ok,2026-10-10T01:03:27.865455+00:00
2026-10-10T010329Z,C-US,FRED,DFF,2025-12-27,2026-10-09,2026-10-09,3.64,%,ok,2026-10-10T01:03:27.865455+00:00
2026-10-10T010329Z,C-US,FRED,DFF,2025-12-28,2026-10-09,2026-10-09,3.64,%,ok,2026-10-10T01:03:27.865455+00:00
2026-10-10T010329Z,C-US,FRED,DFF,2025-12-29,2026-10-09,2026-10-09,3.64,%,ok,2026-10-10T01:03:27.865455+00:00
2026-10-10T010329Z,C-US,FRED,DFF,2025-12-30,2026-10-09,2026-10-09,3.64,%,ok,2026-10-10T01:03:27.865455+00:00
2026-10-10T010329Z,C-US,FRED,DFF,2025-12-31,2026-10-09,2026-10-09,3.64,%,ok,2026-10-10T01:03:27.865455+00:00
2026-10-10T010329Z,C-US,FRED,DFF,2026-01-01,2026-10-09,2026-10-09,3.64,%,ok,2026-10-10T01:03:27.865455+00:00
2026-10-10T010329Z,C-US,FRED,DFF,2026-01-02,2026-10-09,2026-10-09,3.64,%,ok,2026-10-10T01:03:27.865455+00:00
2026-10-10T010329Z,C-US,FRED,DFF,2026-01-03,2026-10-09,2026-10-09,3.64,%,ok,2026-10-10T01:03:27.865455+00:00
2026-10-10T010329Z,C-US,FRED,DFF,2026-01-04,2026-10-09,2026-10-09,3.64,%,ok,2026-10-10T01:03:27.865455+00:00
2026-10-10T010329Z,C-US,FRED,DFF,2026-01-05,2026-10-09,2026-10-09,3.64,%,ok,2026-10-10T01:03:27.865455+00:00
2026-10-10T010329Z,C-US,FRED,DFF,2026-01-06,2026-10-09,2026-10-09,3.64,%,ok,2026-10-10T01:03:27.865455+00:00
2026-10-10T010329Z,C-US,FRED,DFF,2026-01-07,2026-10-09,2026-10-09,3.64,%,ok,2026-10-10T01:03:27.865455+00:00
2026-10-10T010329Z,C-US,FRED,DFF,2026-01-08,2026-10-09,2026-10-09,3.64,%,ok,2026-10-10T01:03:27.865455+00:00
2026-10-10T010329Z,C-US,FRED,DFF,2026-01-09,2026-10-09,2026-10-09,3.64,%,ok,2026-10-10T01:03:27.865455+00:00
2026-10-10T010329Z,C-US,FRED,DFF,2026-01-10,2026-10-09,2026-10-09,3.64,%,ok,2026-10-10T01:03:27.865455+00:00
2026-10-10T010329Z,C-US,FRED,DFF,2026-01-11,2026-10-09,2026-10-09,3.64,%,ok,2026-10-10T01:03:27.865455+00:00
2026-10-10T010329Z,C-US,FRED,DFF,2026-01-12,2026-10-09,2026-10-09,3.64,%,ok,2026-10-10T01:03:27.865455+00:00
2026-10-10T010329Z,C-US,FRED,DFF,2026-01-13,2026-10-09,2026-10-09,3.64,%,ok,2026-10-10T01:03:27.865455+00:00
2026-10-10T010329Z,C-US,FRED,DFF,2026-01-14,2026-10-09,2026-10-09,3.64,%,ok,2026-10-10T01:03:27.865455+00:00
2026-10-10T010329Z,C-US,FRED,DFF,2026-01-15,2026-10-09,2026-10-09,3.64,%,ok,2026-10-10T01:03:27.865455+00:00
2026-10-10T010329Z,C-US,FRED,DFF,2026-01-16,2026-10-09,2026-10-09,3.64,%,ok,2026-10-10T01:03:27.865455+00:00
2026-10-10T010329Z,C-US,FRED,DFF,2026-01-17,2026-10-09,2026-10-09,3.64,%,ok,2026-10-10T01:03:27.865455+00:00
2026-10-10T010329Z,C-US,FRED,DFF,2026-01-18,2026-10-09,2026-10-09,3.64,%,ok,2026-10-10T01:03:27.865455+00:00
2026-10-10T010329Z,C-US,FRED,DFF,2026-01-19,2026-10-09,2026-10-09,3.64,%,ok,2026-10-10T01:03:27.865455+00:00
2026-10-10T010329Z,C-US,FRED,DFF,2026-01-20,2026-10-09,2026-10-09,3.64,%,ok,2026-10-10T01:03:27.865455+00:00
2026-10-10T010329Z,C-US,FRED,DFF,2026-01-21,2026-10-09,2026-10-09,3.64,%,ok,2026-10-10T01:03:27.865455+00:00
2026-10-10T010329Z,C-US,FRED,DFF,2026-01-22,2026-10-09,2026-10-09,3.64,%,ok,2026-10-10T01:03:27.865455+00:00
2026-10-10T010329Z,C-US,FRED,DFF,2026-01-23,2026-10-09,2026-10-09,3.64,%,ok,2026-10-10T01:03:27.865455+00:00
2026-10-10T010329Z,C-US,FRED,DFF,2026-01-24,2026-10-09,2026-10-09,3.64,%,ok,2026-10-10T01:03:27.865455+00:00
2026-10-10T010329Z,C-US,FRED,DFF,2026-01-25,2026-10-09,2026-10-09,3.64,%,ok,2026-10-10T01:03:27.865455+00:00
2026-10-10T010329Z,C-US,FRED,DFF,2026-01-26,2026-10-09,2026-10-09,3.64,%,ok,2026-10-10T01:03:27.865455+00:00
2026-10-10T010329Z,C-US,FRED,DFF,2026-01-27,2026-10-09,2026-10-09,3.64,%,ok,2026-10-10T01:03:27.865455+00:00
2026-10-10T010329Z,C-US,FRED,DFF,2026-01-28,2026-10-09,2026-10-09,3.64,%,ok,2026-10-10T01:03:27.865455+00:00
2026-10-10T010329Z,C-US,FRED,DFF,2026-01-29,2026-10-09,2026-10-09,3.64,%,ok,2026-10-10T01:03:27.865455+00:00
2026-10-10T010329Z,C-US,FRED,DFF,2026-01-30,2026-10-09,2026-10-09,3.64,%,ok,2026-10-10T01:03:27.865455+00:00
2026-10-10T010329Z,C-US,FRED,DFF,2026-01-31,2026-10-09,2026-10-09,3.64,%,ok,2026-10-10T01:03:27.865455+00:00
2026-10-10T010329Z,C-US,FRED,DFF,2026-02-01,2026-10-09,2026-10-09,3.64,%,ok,2026-10-10T01:03:27.865455+00:00
2026-10-10T010329Z,C-US,FRED,DFF,2026-02-02,2026-10-09,2026-10-09,3.64,%,ok,2026-10-10T01:03:27.865455+00:00
2026-10-10T010329Z,C-US,FRED,DFF,2026-02-03,2026-10-09,2026-10-09,3.64,%,ok,2026-10-10T01:03:27.865455+00:00
2026-10-10T010329Z,C-US,FRED,DFF,2026-02-04,2026-10-09,2026-10-09,3.64,%,ok,2026-10-10T01:03:27.865455+00:00
2026-10-10T010329Z,C-US,FRED,DFF,2026-02-05,2026-10-09,2026-10-09,3.64,%,ok,2026-10-10T01:03:27.865455+00:00
2026-10-10T010329Z,C-US,FRED,DFF,2026-02-06,2026-10-09,2026-10-09,3.64,%,ok,2026-10-10T01:03:27.865455+00:00
2026-10-10T010329Z,C-US,FRED,DFF,2026-02-07,2026-10-09,2026-10-09,3.64,%,ok,2026-10-10T01:03:27.865455+00:00
2026-10-10T010329Z,C-US,FRED,DFF,2026-02-08,2026-10-09,2026-10-09,3.64,%,ok,2026-10-10T01:03:27.865455+00:00
2026-10-10T010329Z,C-US,FRED,DFF,2026-02-09,2026-10-09,2026-10-09,3.64,%,ok,2026-10-10T01:03:27.865455+00:00
2026-10-10T010329Z,C-US,FRED,DFF,2026-02-10,2026-10-09,2026-10-09,3.64,%,ok,2026-10-10T01:03:27.865455+00:00
2026-10-10T010329Z,C-US,FRED,DFF,2026-02-11,2026-10-09,2026-10-09,3.64,%,ok,2026-10-10T01:03:27.865455+00:00
2026-10-10T010329Z,C-US,FRED,DFF,2026-02-12,2026-10-09,2026-10-09,3.64,%,ok,2026-10-10T01:03:27.865455+00:00
2026-10-10T010329Z,C-US,FRED,DFF,2026-02-13,2026-10-09,2026-10-09,3.64,%,ok,2026-10-10T01:03:27.865455+00:00
2026-10-10T010329Z,C-US,FRED,DFF,2026-02-14,2026-10-09,2026-10-09,3.64,%,ok,2026-10-10T01:03:27.865455+00:00
2026-10-10T010329Z,C-US,FRED,DFF,2026-02-15,2026-10-09,2026-10-09,3.64,%,ok,2026-10-10T01:03:27.865455+00:00
2026-10-10T010329Z,C-US,FRED,DFF,2026-02-16,2026-10-09,2026-10-09,3.64,%,ok,2026-10-10T01:03:27.865455+00:00
2026-10-10T010329Z,C-US,FRED,DFF,2026-02-17,2026-10-09,2026-10-09,3.64,%,ok,2026-10-10T01:03:27.865455+00:00
2026-10-10T010329Z,C-US,FRED,DFF,2026-02-18,2026-10-09,2026-10-09,3.64,%,ok,2026-10-10T01:03:27.865455+00:00
2026-10-10T010329Z,C-US,FRED,DFF,2026-02-19,2026-10-09,2026-10-09,3.64,%,ok,2026-10-10T01:03:27.865455+00:00
2026-10-10T010329Z,C-US,FRED,DFF,2026-02-20,2026-10-09,2026-10-09,3.64,%,ok,2026-10-10T01:03:27.865455+00:00
2026-10-10T010329Z,C-US,FRED,DFF,2026-02-21,2026-10-09,2026-10-09,3.64,%,ok,2026-10-10T01:03:27.865455+00:00
2026-10-10T010329Z,C-US,FRED,DFF,2026-02-22,2026-10-09,2026-10-09,3.64,%,ok,2026-10-10T01:03:27.865455+00:00
2026-10-10T010329Z,C-US,FRED,DFF,2026-02-23,2026-10-09,2026-10-09,3.64,%,ok,2026-10-10T01:03:27.865455+00:00
2026-10-10T010329Z,C-US,FRED,DFF,2026-02-24,2026-10-09,2026-10-09,3.64,%,ok,2026-10-10T01:03:27.865455+00:00
2026-10-10T010329Z,C-US,FRED,DFF,2026-02-25,2026-10-09,2026-10-09,3.64,%,ok,2026-10-10T01:03:27.865455+00:00
2026-10-10T010329Z,C-US,FRED,DFF,2026-02-26,2026-10-09,2026-10-09,3.64,%,ok,2026-10-10T01:03:27.865455+00:00
2026-10-10T010329Z,C-US,FRED,DFF,2026-02-27,2026-10-09,2026-10-09,3.64,%,ok,2026-10-10T01:03:27.865455+00:00
2026-10-10T010329Z,C-US,FRED,DFF,2026-02-28,2026-10-09,2026-10-09,3.64,%,ok,2026-10-10T01:03:27.865455+00:00
2026-10-10T010329Z,C-US,FRED,DFF,2026-03-01,2026-10-09,2026-10-09,3.64,%,ok,2026-10-10T01:03:27.865455+00:00
2026-10-10T010329Z,C-US,FRED,DFF,2026-03-02,2026-10-09,2026-10-09,3.64,%,ok,2026-10-10T01:03:27.865455+00:00
2026-10-10T010329Z,C-US,FRED,DFF,2026-03-03,2026-10-09,2026-10-09,3.64,%,ok,2026-10-10T01:03:27.865455+00:00
2026-10-10T010329Z,C-US,FRED,DFF,2026-03-04,2026-10-09,2026-10-09,3.64,%,ok,2026-10-10T01:03:27.865455+00:00
2026-10-10T010329Z,C-US,FRED,DFF,2026-03-05,2026-10-09,2026-10-09,3.64,%,ok,2026-10-10T01:03:27.865455+00:00
2026-10-10T010329Z,C-US,FRED,DFF,2026-03-06,2026-10-09,2026-10-09,3.64,%,ok,2026-10-10T01:03:27.865455+00:00
2026-10-10T010329Z,C-US,FRED,DFF,2026-03-07,2026-10-09,2026-10-09,3.64,%,ok,2026-10-10T01:03:27.865455+00:00
2026-10-10T010329Z,C-US,FRED,DFF,2026-03-08,2026-10-09,2026-10-09,3.64,%,ok,2026-10-10T01:03:27.865455+00:00
2026-10-10T010329Z,C-US,FRED,DFF,2026-03-09,2026-10-09,2026-10-09,3.64,%,ok,2026-10-10T01:03:27.865455+00:00
2026-10-10T010329Z,C-US,FRED,DFF,2026-03-10,2026-10-09,2026-10-09,3.64,%,ok,2026-10-10T01:03:27.865455+00:00
2026-10-10T010329Z,C-US,FRED,DFF,2026-03-11,2026-10-09,2026-10-09,3.64,%,ok,2026-10-10T01:03:27.865455+00:00
2026-10-10T010329Z,C-US,FRED,DFF,2026-03-12,2026-10-09,2026-10-09,3.64,%,ok,2026-10-10T01:03:27.865455+00:00
2026-10-10T010329Z,C-US,FRED,DFF,2026-03-13,2026-10-09,2026-10-09,3.64,%,ok,2026-10-10T01:03:27.865455+00:00
2026-10-10T010329Z,C-US,FRED,DFF,2026-03-14,2026-10-09,2026-10-09,3.64,%,ok,2026-10-10T01:03:27.865455+00:00
2026-10-10T010329Z,C-US,FRED,DFF,2026-03-15,2026-10-09,2026-10-09,3.64,%,ok,2026-10-10T01:03:27.865455+00:00
2026-10-10T010329Z,C-US,FRED,DFF,2026-03-16,2026-10-09,2026-10-09,3.64,%,ok,2026-10-10T01:03:27.865455+00:00
2026-10-10T010329Z,C-US,FRED,DFF,2026-03-17,2026-10-09,2026-10-09,3.64,%,ok,2026-10-10T01:03:27.865455+00:00
2026-10-10T010329Z,C-US,FRED,DFF,2026-03-18,2026-10-09,2026-10-09,3.64,%,ok,2026-10-10T01:03:27.865455+00:00
2026-10-10T010329Z,C-US,FRED,DFF,2026-03-19,2026-10-09,2026-10-09,3.64,%,ok,2026-10-10T01:03:27.865455+00:00
2026-10-10T010329Z,C-US,FRED,DFF,2026-03-20,2026-10-09,2026-10-09,3.64,%,ok,2026-10-10T01:03:27.865455+00:00
2026-10-10T010329Z,C-US,FRED,DFF,2026-03-21,2026-10-09,2026-10-09,3.64,%,ok,2026-10-10T01:03:27.865455+00:00
2026-10-10T010329Z,C-US,FRED,DFF,2026-03-22,2026-10-09,2026-10-09,3.64,%,ok,2026-10-10T01:03:27.865455+00:00
2026-10-10T010329Z,C-US,FRED,DFF,2026-03-23,2026-10-09,2026-10-09,3.64,%,ok,2026-10-10T01:03:27.865455+00:00
2026-10-10T010329Z,C-US,FRED,DFF,2026-03-24,2026-10-09,2026-10-09,3.64,%,ok,2026-10-10T01:03:27.865455+00:00
2026-10-10T010329Z,C-US,FRED,DFF,2026-03-25,2026-10-09,2026-10-09,3.64,%,ok,2026-10-10T01:03:27.865455+00:00
2026-10-10T010329Z,C-US,FRED,DFF,2026-03-26,2026-10-09,2026-10-09,3.64,%,ok,2026-10-10T01:03:27.865455+00:00
2026-10-10T010329Z,C-US,FRED,DFF,2026-03-27,2026-10-09,2026-10-09,3.64,%,ok,2026-10-10T01:03:27.865455+00:00
2026-10-10T010329Z,C-US,FRED,DFF,2026-03-28,2026-10-09,2026-10-09,3.64,%,ok,2026-10-10T01:03:27.865455+00:00
2026-10-10T010329Z,C-US,FRED,DFF,2026-03-29,2026-10-09,2026-10-09,3.64,%,ok,2026-10-10T01:03:27.865455+00:00
2026-10-10T010329Z,C-US,FRED,DFF,2026-03-30,2026-10-09,2026-10-09,3.64,%,ok,2026-10-10T01:03:27.865455+00:00
2026-10-10T010329Z,C-US,FRED,DFF,2026-03-31,2026-10-09,2026-10-09,3.64,%,ok,2026-10-10T01:03:27.865455+00:00
2026-10-10T010329Z,C-US,FRED,DFF,2026-04-01,2026-10-09,2026-10-09,3.64,%,ok,2026-10-10T01:03:27.865455+00:00
2026-10-10T010329Z,C-US,FRED,DFF,2026-04-02,2026-10-09,2026-10-09,3.64,%,ok,2026-10-10T01:03:27.865455+00:00
2026-10-10T010329Z,C-US,FRED,DFF,2026-04-03,2026-10-09,2026-10-09,3.64,%,ok,2026-10-10T01:03:27.865455+00:00
2026-10-10T010329Z,C-US,FRED,DFF,2026-04-04,2026-10-09,2026-10-09,3.64,%,ok,2026-10-10T01:03:27.865455+00:00
2026-10-10T010329Z,C-US,FRED,DFF,2026-04-05,2026-10-09,2026-10-09,3.64,%,ok,2026-10-10T01:03:27.865455+00:00
2026-10-10T010329Z,C-US,FRED,DFF,2026-04-06,2026-10-09,2026-10-09,3.64,%,ok,2026-10-10T01:03:27.865455+00:00
2026-10-10T010329Z,C-US,FRED,DFF,2026-04-07,2026-10-09,2026-10-09,3.64,%,ok,2026-10-10T01:03:27.865455+00:00
2026-10-10T010329Z,C-US,FRED,DFF,2026-04-08,2026-10-09,2026-10-09,3.64,%,ok,2026-10-10T01:03:27.865455+00:00
2026-10-10T010329Z,C-US,FRED,DFF,2026-04-09,2026-10-09,2026-10-09,3.64,%,ok,2026-10-10T01:03:27.865455+00:00
2026-10-10T010329Z,C-US,FRED,DFF,2026-04-10,2026-10-09,2026-10-09,3.64,%,ok,2026-10-10T01:03:27.865455+00:00
2026-10-10T010329Z,C-US,FRED,DFF,2026-04-11,2026-10-09,2026-10-09,3.64,%,ok,2026-10-10T01:03:27.865455+00:00
2026-10-10T010329Z,C-US,FRED,DFF,2026-04-12,2026-10-09,2026-10-09,3.64,%,ok,2026-10-10T01:03:27.865455+00:00
2026-10-10T010329Z,C-US,FRED,DFF,2026-04-13,2026-10-09,2026-10-09,3.64,%,ok,2026-10-10T01:03:27.865455+00:00
2026-10-10T010329Z,C-US,FRED,DFF,2026-04-14,2026-10-09,2026-10-09,3.64,%,ok,2026-10-10T01:03:27.865455+00:00
2026-10-10T010329Z,C-US,FRED,DFF,2026-04-15,2026-10-09,2026-10-09,3.64,%,ok,2026-10-10T01:03:27.865455+00:00
2026-10-10T010329Z,C-US,FRED,DFF,2026-04-16,2026-10-09,2026-10-09,3.64,%,ok,2026-10-10T01:03:27.865455+00:00
2026-10-10T010329Z,C-US,FRED,DFF,2026-04-17,2026-10-09,2026-10-09,3.64,%,ok,2026-10-10T01:03:27.865455+00:00
2026-10-10T010329Z,C-US,FRED,DFF,2026-04-18,2026-10-09,2026-10-09,3.64,%,ok,2026-10-10T01:03:27.865455+00:00
2026-10-10T010329Z,C-US,FRED,DFF,2026-04-19,2026-10-09,2026-10-09,3.64,%,ok,2026-10-10T01:03:27.865455+00:00
2026-10-10T010329Z,C-US,FRED,DFF,2026-04-20,2026-10-09,2026-10-09,3.64,%,ok,2026-10-10T01:03:27.865455+00:00
2026-10-10T010329Z,C-US,FRED,DFF,2026-04-21,2026-10-09,2026-10-09,3.64,%,ok,2026-10-10T01:03:27.865455+00:00
2026-10-10T010329Z,C-US,FRED,DFF,2026-04-22,2026-10-09,2026-10-09,3.64,%,ok,2026-10-10T01:03:27.865455+00:00
2026-10-10T010329Z,C-US,FRED,DFF,2026-04-23,2026-10-09,2026-10-09,3.64,%,ok,2026-10-10T01:03:27.865455+00:00
2026-10-10T010329Z,C-US,FRED,DFF,2026-04-24,2026-10-09,2026-10-09,3.64,%,ok,2026-10-10T01:03:27.865455+00:00
2026-10-10T010329Z,C-US,FRED,DFF,2026-04-25,2026-10-09,2026-10-09,3.64,%,ok,2026-10-10T01:03:27.865455+00:00
2026-10-10T010329Z,C-US,FRED,DFF,2026-04-26,2026-10-09,2026-10-09,3.64,%,ok,2026-10-10T01:03:27.865455+00:00
2026-10-10T010329Z,C-US,FRED,DFF,2026-04-27,2026-10-09,2026-10-09,3.64,%,ok,2026-10-10T01:03:27.865455+00:00
2026-10-10T010329Z,C-US,FRED,DFF,2026-04-28,2026-10-09,2026-10-09,3.64,%,ok,2026-10-10T01:03:27.865455+00:00
2026-10-10T010329Z,C-US,FRED,DFF,2026-04-29,2026-10-09,2026-10-09,3.64,%,ok,2026-10-10T01:03:27.865455+00:00
2026-10-10T010329Z,C-US,FRED,DFF,2026-04-30,2026-10-09,2026-10-09,3.64,%,ok,2026-10-10T01:03:27.865455+00:00
2026-10-10T010329Z,C-US,FRED,DFF,2026-05-01,2026-10-09,2026-10-09,3.64,%,ok,2026-10-10T01:03:27.865455+00:00
2026-10-10T010329Z,C-US,FRED,DFF,2026-05-02,2026-10-09,2026-10-09,3.64,%,ok,2026-10-10T01:03:27.865455+00:00
2026-10-10T010329Z,C-US,FRED,DFF,2026-05-03,2026-10-09,2026-10-09,3.64,%,ok,2026-10-10T01:03:27.865455+00:00
2026-10-10T010329Z,C-US,FRED,DFF,2026-05-04,2026-10-09,2026-10-09,3.64,%,ok,2026-10-10T01:03:27.865455+00:00
2026-10-10T010329Z,C-US,FRED,DFF,2026-05-05,2026-10-09,2026-10-09,3.64,%,ok,2026-10-10T01:03:27.865455+00:00
2026-10-10T010329Z,C-US,FRED,DFF,2026-05-06,2026-10-09,2026-10-09,3.64,%,ok,2026-10-10T01:03:27.865455+00:00
2026-10-10T010329Z,C-US,FRED,DFF,2026-05-07,2026-10-09,2026-10-09,3.63,%,ok,2026-10-10T01:03:27.865455+00:00
2026-10-10T010329Z,C-US,FRED,DFF,2026-05-08,2026-10-09,2026-10-09,3.63,%,ok,2026-10-10T01:03:27.865455+00:00
2026-10-10T010329Z,C-US,FRED,DFF,2026-05-09,2026-10-09,2026-10-09,3.63,%,ok,2026-10-10T01:03:27.865455+00:00
2026-10-10T010329Z,C-US,FRED,DFF,2026-05-10,2026-10-09,2026-10-09,3.63,%,ok,2026-10-10T01:03:27.865455+00:00
2026-10-10T010329Z,C-US,FRED,DFF,2026-05-11,2026-10-09,2026-10-09,3.63,%,ok,2026-10-10T01:03:27.865455+00:00
2026-10-10T010329Z,C-US,FRED,DFF,2026-05-12,2026-10-09,2026-10-09,3.63,%,ok,2026-10-10T01:03:27.865455+00:00
2026-10-10T010329Z,C-US,FRED,DFF,2026-05-13,2026-10-09,2026-10-09,3.63,%,ok,2026-10-10T01:03:27.865455+00:00
2026-10-10T010329Z,C-US,FRED,DFF,2026-05-14,2026-10-09,2026-10-09,3.63,%,ok,2026-10-10T01:03:27.865455+00:00
2026-10-10T010329Z,C-US,FRED,DFF,2026-05-15,2026-10-09,2026-10-09,3.63,%,ok,2026-10-10T01:03:27.865455+00:00
2026-10-10T010329Z,C-US,FRED,DFF,2026-05-16,2026-10-09,2026-10-09,3.63,%,ok,2026-10-10T01:03:27.865455+00:00
2026-10-10T010329Z,C-US,FRED,DFF,2026-05-17,2026-10-09,2026-10-09,3.63,%,ok,2026-10-10T01:03:27.865455+00:00
2026-10-10T010329Z,C-US,FRED,DFF,2026-05-18,2026-10-09,2026-10-09,3.63,%,ok,2026-10-10T01:03:27.865455+00:00
2026-10-10T010329Z,C-US,FRED,DFF,2026-05-19,2026-10-09,2026-10-09,3.62,%,ok,2026-10-10T01:03:27.865455+00:00
2026-10-10T010329Z,C-US,FRED,DFF,2026-05-20,2026-10-09,2026-10-09,3.62,%,ok,2026-10-10T01:03:27.865455+00:00
2026-10-10T010329Z,C-US,FRED,DFF,2026-05-21,2026-10-09,2026-10-09,3.62,%,ok,2026-10-10T01:03:27.865455+00:00
2026-10-10T010329Z,C-US,FRED,DFF,2026-05-22,2026-10-09,2026-10-09,3.62,%,ok,2026-10-10T01:03:27.865455+00:00
2026-10-10T010329Z,C-US,FRED,DFF,2026-05-23,2026-10-09,2026-10-09,3.62,%,ok,2026-10-10T01:03:27.865455+00:00
2026-10-10T010329Z,C-US,FRED,DFF,2026-05-24,2026-10-09,2026-10-09,3.62,%,ok,2026-10-10T01:03:27.865455+00:00
2026-10-10T010329Z,C-US,FRED,DFF,2026-05-25,2026-10-09,2026-10-09,3.62,%,ok,2026-10-10T01:03:27.865455+00:00
2026-10-10T010329Z,C-US,FRED,DFF,2026-05-26,2026-10-09,2026-10-09,3.62,%,ok,2026-10-10T01:03:27.865455+00:00
2026-10-10T010329Z,C-US,FRED,DFF,2026-05-27,2026-10-09,2026-10-09,3.62,%,ok,2026-10-10T01:03:27.865455+00:00
2026-10-10T010329Z,C-US,FRED,DFF,2026-05-28,2026-10-09,2026-10-09,3.62,%,ok,2026-10-10T01:03:27.865455+00:00
2026-10-10T010329Z,C-US,FRED,DFF,2026-05-29,2026-10-09,2026-10-09,3.62,%,ok,2026-10-10T01:03:27.865455+00:00
2026-10-10T010329Z,C-US,FRED,DFF,2026-05-30,2026-10-09,2026-10-09,3.62,%,ok,2026-10-10T01:03:27.865455+00:00
2026-10-10T010329Z,C-US,FRED,DFF,2026-05-31,2026-10-09,2026-10-09,3.62,%,ok,2026-10-10T01:03:27.865455+00:00
2026-10-10T010329Z,C-US,FRED,DFF,2026-06-01,2026-10-09,2026-10-09,3.62,%,ok,2026-10-10T01:03:27.865455+00:00
2026-10-10T010329Z,C-US,FRED,DFF,2026-06-02,2026-10-09,2026-10-09,3.62,%,ok,2026-10-10T01:03:27.865455+00:00
2026-10-10T010329Z,C-US,FRED,DFF,2026-06-03,2026-10-09,2026-10-09,3.62,%,ok,2026-10-10T01:03:27.865455+00:00
2026-10-10T010329Z,C-US,FRED,DFF,2026-06-04,2026-10-09,2026-10-09,3.62,%,ok,2026-10-10T01:03:27.865455+00:00
2026-10-10T010329Z,C-US,FRED,DFF,2026-06-05,2026-10-09,2026-10-09,3.62,%,ok,2026-10-10T01:03:27.865455+00:00
2026-10-10T010329Z,C-US,FRED,DFF,2026-06-06,2026-10-09,2026-10-09,3.62,%,ok,2026-10-10T01:03:27.865455+00:00
2026-10-10T010329Z,C-US,FRED,DFF,2026-06-07,2026-10-09,2026-10-09,3.62,%,ok,2026-10-10T01:03:27.865455+00:00
2026-10-10T010329Z,C-US,FRED,DFF,2026-06-08,2026-10-09,2026-10-09,3.62,%,ok,2026-10-10T01:03:27.865455+00:00
2026-10-10T010329Z,C-US,FRED,DFF,2026-06-09,2026-10-09,2026-10-09,3.62,%,ok,2026-10-10T01:03:27.865455+00:00
2026-10-10T010329Z,C-US,FRED,DFF,2026-06-10,2026-10-09,2026-10-09,3.62,%,ok,2026-10-10T01:03:27.865455+00:00
2026-10-10T010329Z,C-US,FRED,DFF,2026-06-11,2026-10-09,2026-10-09,3.62,%,ok,2026-10-10T01:03:27.865455+00:00
2026-10-10T010329Z,C-US,FRED,DFF,2026-06-12,2026-10-09,2026-10-09,3.62,%,ok,2026-10-10T01:03:27.865455+00:00
2026-10-10T010329Z,C-US,FRED,DFF,2026-06-13,2026-10-09,2026-10-09,3.62,%,ok,2026-10-10T01:03:27.865455+00:00
2026-10-10T010329Z,C-US,FRED,DFF,2026-06-14,2026-10-09,2026-10-09,3.62,%,ok,2026-10-10T01:03:27.865455+00:00
2026-10-10T010329Z,C-US,FRED,DFF,2026-06-15,2026-10-09,2026-10-09,3.63,%,ok,2026-10-10T01:03:27.865455+00:00
2026-10-10T010329Z,C-US,FRED,DFF,2026-06-16,2026-10-09,2026-10-09,3.63,%,ok,2026-10-10T01:03:27.865455+00:00
2026-10-10T010329Z,C-US,FRED,DFF,2026-06-17,2026-10-09,2026-10-09,3.63,%,ok,2026-10-10T01:03:27.865455+00:00
2026-10-10T010329Z,C-US,FRED,DFF,2026-06-18,2026-10-09,2026-10-09,3.63,%,ok,2026-10-10T01:03:27.865455+00:00
2026-10-10T010329Z,C-US,FRED,DFF,2026-06-19,2026-10-09,2026-10-09,3.63,%,ok,2026-10-10T01:03:27.865455+00:00
2026-10-10T010329Z,C-US,FRED,DFF,2026-06-20,2026-10-09,2026-10-09,3.63,%,ok,2026-10-10T01:03:27.865455+00:00
2026-10-10T010329Z,C-US,FRED,DFF,2026-06-21,2026-10-09,2026-10-09,3.63,%,ok,2026-10-10T01:03:27.865455+00:00
2026-10-10T010329Z,C-US,FRED,DFF,2026-06-22,2026-10-09,2026-10-09,3.63,%,ok,2026-10-10T01:03:27.865455+00:00
2026-10-10T010329Z,C-US,FRED,DFF,2026-06-23,2026-10-09,2026-10-09,3.63,%,ok,2026-10-10T01:03:27.865455+00:00
2026-10-10T010329Z,C-US,FRED,DFF,2026-06-24,2026-10-09,2026-10-09,3.63,%,ok,2026-10-10T01:03:27.865455+00:00
2026-10-10T010329Z,C-US,FRED,DFF,2026-06-25,2026-10-09,2026-10-09,3.63,%,ok,2026-10-10T01:03:27.865455+00:00
2026-10-10T010329Z,C-US,FRED,DFF,2026-06-26,2026-10-09,2026-10-09,3.63,%,ok,2026-10-10T01:03:27.865455+00:00
2026-10-10T010329Z,C-US,FRED,DFF,2026-06-27,2026-10-09,2026-10-09,3.63,%,ok,2026-10-10T01:03:27.865455+00:00
2026-10-10T010329Z,C-US,FRED,DFF,2026-06-28,2026-10-09,2026-10-09,3.63,%,ok,2026-10-10T01:03:27.865455+00:00
2026-10-10T010329Z,C-US,FRED,DFF,2026-06-29,2026-10-09,2026-10-09,3.63,%,ok,2026-10-10T01:03:27.865455+00:00
2026-10-10T010329Z,C-US,FRED,DFF,2026-06-30,2026-10-09,2026-10-09,3.63,%,ok,2026-10-10T01:03:27.865455+00:00
2026-10-10T010329Z,C-US,FRED,DFF,2026-07-01,2026-10-09,2026-10-09,3.63,%,ok,2026-10-10T01:03:27.865455+00:00
2026-10-10T010329Z,C-US,FRED,DFF,2026-07-02,2026-10-09,2026-10-09,3.63,%,ok,2026-10-10T01:03:27.865455+00:00
2026-10-10T010329Z,C-US,FRED,DFF,2026-07-03,2026-10-09,2026-10-09,3.63,%,ok,2026-10-10T01:03:27.865455+00:00
2026-10-10T010329Z,C-US,FRED,DFF,2026-07-04,2026-10-09,2026-10-09,3.63,%,ok,2026-10-10T01:03:27.865455+00:00
2026-10-10T010329Z,C-US,FRED,DFF,2026-07-05,2026-10-09,2026-10-09,3.63,%,ok,2026-10-10T01:03:27.865455+00:00
2026-10-10T010329Z,C-US,FRED,DFF,2026-07-06,2026-10-09,2026-10-09,3.63,%,ok,2026-10-10T01:03:27.865455+00:00
2026-10-10T010329Z,C-US,FRED,DFF,2026-07-07,2026-10-09,2026-10-09,3.63,%,ok,2026-10-10T01:03:27.865455+00:00
2026-10-10T010329Z,C-US,FRED,DFF,2026-07-08,2026-10-09,2026-10-09,3.62,%,ok,2026-10-10T01:03:27.865455+00:00
2026-10-10T010329Z,C-US,FRED,DFF,2026-07-09,2026-10-09,2026-10-09,3.62,%,ok,2026-10-10T01:03:27.865455+00:00
2026-10-10T010329Z,C-US,FRED,DFF,2026-07-10,2026-10-09,2026-10-09,3.62,%,ok,2026-10-10T01:03:27.865455+00:00
2026-10-10T010329Z,C-US,FRED,DFF,2026-07-11,2026-10-09,2026-10-09,3.62,%,ok,2026-10-10T01:03:27.865455+00:00
2026-10-10T010329Z,C-US,FRED,DFF,2026-07-12,2026-10-09,2026-10-09,3.62,%,ok,2026-10-10T01:03:27.865455+00:00
2026-10-10T010329Z,C-US,FRED,DFF,2026-07-13,2026-10-09,2026-10-09,3.62,%,ok,2026-10-10T01:03:27.865455+00:00
2026-10-10T010329Z,C-US,FRED,DFF,2026-07-14,2026-10-09,2026-10-09,3.63,%,ok,2026-10-10T01:03:27.865455+00:00
2026-10-10T010329Z,C-US,FRED,DFF,2026-07-15,2026-10-09,2026-10-09,3.63,%,ok,2026-10-10T01:03:27.865455+00:00
2026-10-10T010329Z,C-US,FRED,DFF,2026-07-16,2026-10-09,2026-10-09,3.63,%,ok,2026-10-10T01:03:27.865455+00:00
2026-10-10T010329Z,C-US,FRED,DFF,2026-07-17,2026-10-09,2026-10-09,3.63,%,ok,2026-10-10T01:03:27.865455+00:00
2026-10-10T010329Z,C-US,FRED,DFF,2026-07-18,2026-10-09,2026-10-09,3.63,%,ok,2026-10-10T01:03:27.865455+00:00
2026-10-10T010329Z,C-US,FRED,DFF,2026-07-19,2026-10-09,2026-10-09,3.63,%,ok,2026-10-10T01:03:27.865455+00:00
2026-10-10T010329Z,C-US,FRED,DFF,2026-07-20,2026-10-09,2026-10-09,3.63,%,ok,2026-10-10T01:03:27.865455+00:00
2026-10-10T010329Z,C-US,FRED,DFF,2026-07-21,2026-10-09,2026-10-09,3.63,%,ok,2026-10-10T01:03:27.865455+00:00
2026-10-10T010329Z,C-US,FRED,DFF,2026-07-22,2026-10-09,2026-10-09,3.63,%,ok,2026-10-10T01:03:27.865455+00:00
2026-10-10T010329Z,C-US,FRED,DFF,2026-07-23,2026-10-09,2026-10-09,3.63,%,ok,2026-10-10T01:03:27.865455+00:00
2026-10-10T010329Z,C-US,FRED,DFF,2026-07-24,2026-10-09,2026-10-09,3.63,%,ok,2026-10-10T01:03:27.865455+00:00
2026-10-10T010329Z,C-US,FRED,DFF,2026-07-25,2026-10-09,2026-10-09,3.63,%,ok,2026-10-10T01:03:27.865455+00:00
2026-10-10T010329Z,C-US,FRED,DFF,2026-07-26,2026-10-09,2026-10-09,3.63,%,ok,2026-10-10T01:03:27.865455+00:00
2026-10-10T010329Z,C-US,FRED,DFF,2026-07-27,2026-10-09,2026-10-09,3.63,%,ok,2026-10-10T01:03:27.865455+00:00
2026-10-10T010329Z,C-US,FRED,DFF,2026-07-28,2026-10-09,2026-10-09,3.63,%,ok,2026-10-10T01:03:27.865455+00:00
2026-10-10T010329Z,C-US,FRED,DFF,2026-07-29,2026-10-09,2026-10-09,3.63,%,ok,2026-10-10T01:03:27.865455+00:00
2026-10-10T010329Z,C-US,FRED,DFF,2026-07-30,2026-10-09,2026-10-09,3.63,%,ok,2026-10-10T01:03:27.865455+00:00
2026-10-10T010329Z,C-US,FRED,DFF,2026-07-31,2026-10-09,2026-10-09,3.63,%,ok,2026-10-10T01:03:27.865455+00:00
2026-10-10T010329Z,C-US,FRED,DFF,2026-08-01,2026-10-09,2026-10-09,3.63,%,ok,2026-10-10T01:03:27.865455+00:00
2026-10-10T010329Z,C-US,FRED,DFF,2026-08-02,2026-10-09,2026-10-09,3.63,%,ok,2026-10-10T01:03:27.865455+00:00
2026-10-10T010329Z,C-US,FRED,DFF,2026-08-03,2026-10-09,2026-10-09,3.63,%,ok,2026-10-10T01:03:27.865455+00:00
2026-10-10T010329Z,C-US,FRED,DFF,2026-08-04,2026-10-09,2026-10-09,3.63,%,ok,2026-10-10T01:03:27.865455+00:00
2026-10-10T010329Z,C-US,FRED,DFF,2026-08-05,2026-10-09,2026-10-09,3.63,%,ok,2026-10-10T01:03:27.865455+00:00
2026-10-10T010329Z,C-US,FRED,DFF,2026-08-06,2026-10-09,2026-10-09,3.63,%,ok,2026-10-10T01:03:27.865455+00:00
2026-10-10T010329Z,C-US,FRED,DFF,2026-08-07,2026-10-09,2026-10-09,3.63,%,ok,2026-10-10T01:03:27.865455+00:00
2026-10-10T010329Z,C-US,FRED,DFF,2026-08-08,2026-10-09,2026-10-09,3.63,%,ok,2026-10-10T01:03:27.865455+00:00
2026-10-10T010329Z,C-US,FRED,DFF,2026-08-09,2026-10-09,2026-10-09,3.63,%,ok,2026-10-10T01:03:27.865455+00:00
2026-10-10T010329Z,C-US,FRED,DFF,2026-08-10,2026-10-09,2026-10-09,3.63,%,ok,2026-10-10T01:03:27.865455+00:00
2026-10-10T010329Z,C-US,FRED,DFF,2026-08-11,2026-10-09,2026-10-09,3.63,%,ok,2026-10-10T01:03:27.865455+00:00
2026-10-10T010329Z,C-US,FRED,DFF,2026-08-12,2026-10-09,2026-10-09,3.63,%,ok,2026-10-10T01:03:27.865455+00:00
2026-10-10T010329Z,C-US,FRED,DFF,2026-08-13,2026-10-09,2026-10-09,3.63,%,ok,2026-10-10T01:03:27.865455+00:00
2026-10-10T010329Z,C-US,FRED,DFF,2026-08-14,2026-10-09,2026-10-09,3.63,%,ok,2026-10-10T01:03:27.865455+00:00
2026-10-10T010329Z,C-US,FRED,DFF,2026-08-15,2026-10-09,2026-10-09,3.63,%,ok,2026-10-10T01:03:27.865455+00:00
2026-10-10T010329Z,C-US,FRED,DFF,2026-08-16,2026-10-09,2026-10-09,3.63,%,ok,2026-10-10T01:03:27.865455+00:00
2026-10-10T010329Z,C-US,FRED,DFF,2026-08-17,2026-10-09,2026-10-09,3.63,%,ok,2026-10-10T01:03:27.865455+00:00
2026-10-10T010329Z,C-US,FRED,DFF,2026-08-18,2026-10-09,2026-10-09,3.63,%,ok,2026-10-10T01:03:27.865455+00:00
2026-10-10T010329Z,C-US,FRED,DFF,2026-08-19,2026-10-09,2026-10-09,3.63,%,ok,2026-10-10T01:03:27.865455+00:00
2026-10-10T010329Z,C-US,FRED,DFF,2026-08-20,2026-10-09,2026-10-09,3.63,%,ok,2026-10-10T01:03:27.865455+00:00
2026-10-10T010329Z,C-US,FRED,DFF,2026-08-21,2026-10-09,2026-10-09,3.63,%,ok,2026-10-10T01:03:27.865455+00:00
2026-10-10T010329Z,C-US,FRED,DFF,2026-08-22,2026-10-09,2026-10-09,3.63,%,ok,2026-10-10T01:03:27.865455+00:00
2026-10-10T010329Z,C-US,FRED,DFF,2026-08-23,2026-10-09,2026-10-09,3.63,%,ok,2026-10-10T01:03:27.865455+00:00
2026-10-10T010329Z,C-US,FRED,DFF,2026-08-24,2026-10-09,2026-10-09,3.63,%,ok,2026-10-10T01:03:27.865455+00:00
2026-10-10T010329Z,C-US,FRED,DFF,2026-08-25,2026-10-09,2026-10-09,3.63,%,ok,2026-10-10T01:03:27.865455+00:00
2026-10-10T010329Z,C-US,FRED,DFF,2026-08-26,2026-10-09,2026-10-09,3.63,%,ok,2026-10-10T01:03:27.865455+00:00
2026-10-10T010329Z,C-US,FRED,DFF,2026-08-27,2026-10-09,2026-10-09,3.63,%,ok,2026-10-10T01:03:27.865455+00:00
2026-10-10T010329Z,C-US,FRED,DFF,2026-08-28,2026-10-09,2026-10-09,3.63,%,ok,2026-10-10T01:03:27.865455+00:00
2026-10-10T010329Z,C-US,FRED,DFF,2026-08-29,2026-10-09,2026-10-09,3.63,%,ok,2026-10-10T01:03:27.865455+00:00
2026-10-10T010329Z,C-US,FRED,DFF,2026-08-30,2026-10-09,2026-10-09,3.63,%,ok,2026-10-10T01:03:27.865455+00:00
2026-10-10T010329Z,C-US,FRED,DFF,2026-08-31,2026-10-09,2026-10-09,3.63,%,ok,2026-10-10T01:03:27.865455+00:00
2026-10-10T010329Z,C-US,FRED,DFF,2026-09-01,2026-10-09,2026-10-09,3.63,%,ok,2026-10-10T01:03:27.865455+00:00
2026-10-10T010329Z,C-US,FRED,DFF,2026-09-02,2026-10-09,2026-10-09,3.63,%,ok,2026-10-10T01:03:27.865455+00:00
2026-10-10T010329Z,C-US,FRED,DFF,2026-09-03,2026-10-09,2026-10-09,3.63,%,ok,2026-10-10T01:03:27.865455+00:00
2026-10-10T010329Z,C-US,FRED,DFF,2026-09-04,2026-10-09,2026-10-09,3.63,%,ok,2026-10-10T01:03:27.865455+00:00
2026-10-10T010329Z,C-US,FRED,DFF,2026-09-05,2026-10-09,2026-10-09,3.63,%,ok,2026-10-10T01:03:27.865455+00:00
2026-10-10T010329Z,C-US,FRED,DFF,2026-09-06,2026-10-09,2026-10-09,3.63,%,ok,2026-10-10T01:03:27.865455+00:00
2026-10-10T010329Z,C-US,FRED,DFF,2026-09-07,2026-10-09,2026-10-09,3.63,%,ok,2026-10-10T01:03:27.865455+00:00
2026-10-10T010329Z,C-US,FRED,DFF,2026-09-08,2026-10-09,2026-10-09,3.63,%,ok,2026-10-10T01:03:27.865455+00:00
2026-10-10T010329Z,C-US,FRED,DFF,2026-09-09,2026-10-09,2026-10-09,3.63,%,ok,2026-10-10T01:03:27.865455+00:00
2026-10-10T010329Z,C-US,FRED,DFF,2026-09-10,2026-10-09,2026-10-09,3.63,%,ok,2026-10-10T01:03:27.865455+00:00
2026-10-10T010329Z,C-US,FRED,DFF,2026-09-11,2026-10-09,2026-10-09,3.63,%,ok,2026-10-10T01:03:27.865455+00:00
2026-10-10T010329Z,C-US,FRED,DFF,2026-09-12,2026-10-09,2026-10-09,3.63,%,ok,2026-10-10T01:03:27.865455+00:00
2026-10-10T010329Z,C-US,FRED,DFF,2026-09-13,2026-10-09,2026-10-09,3.63,%,ok,2026-10-10T01:03:27.865455+00:00
2026-10-10T010329Z,C-US,FRED,DFF,2026-09-14,2026-10-09,2026-10-09,3.63,%,ok,2026-10-10T01:03:27.865455+00:00
2026-10-10T010329Z,C-US,FRED,DFF,2026-09-15,2026-10-09,2026-10-09,3.63,%,ok,2026-10-10T01:03:27.865455+00:00
2026-10-10T010329Z,C-US,FRED,DFF,2026-09-16,2026-10-09,2026-10-09,3.63,%,ok,2026-10-10T01:03:27.865455+00:00
2026-10-10T010329Z,C-US,FRED,DFF,2026-09-17,2026-10-09,2026-10-09,3.88,%,ok,2026-10-10T01:03:27.865455+00:00
2026-10-10T010329Z,C-US,FRED,DFF,2026-09-18,2026-10-09,2026-10-09,3.88,%,ok,2026-10-10T01:03:27.865455+00:00
2026-10-10T010329Z,C-US,FRED,DFF,2026-09-19,2026-10-09,2026-10-09,3.88,%,ok,2026-10-10T01:03:27.865455+00:00
2026-10-10T010329Z,C-US,FRED,DFF,2026-09-20,2026-10-09,2026-10-09,3.88,%,ok,2026-10-10T01:03:27.865455+00:00
2026-10-10T010329Z,C-US,FRED,DFF,2026-09-21,2026-10-09,2026-10-09,3.88,%,ok,2026-10-10T01:03:27.865455+00:00
2026-10-10T010329Z,C-US,FRED,DFF,2026-09-22,2026-10-09,2026-10-09,3.88,%,ok,2026-10-10T01:03:27.865455+00:00
2026-10-10T010329Z,C-US,FRED,DFF,2026-09-23,2026-10-09,2026-10-09,3.88,%,ok,2026-10-10T01:03:27.865455+00:00
2026-10-10T010329Z,C-US,FRED,DFF,2026-09-24,2026-10-09,2026-10-09,3.88,%,ok,2026-10-10T01:03:27.865455+00:00
2026-10-10T010329Z,C-US,FRED,DFF,2026-09-25,2026-10-09,2026-10-09,3.88,%,ok,2026-10-10T01:03:27.865455+00:00
2026-10-10T010329Z,C-US,FRED,DFF,2026-09-26,2026-10-09,2026-10-09,3.88,%,ok,2026-10-10T01:03:27.865455+00:00
2026-10-10T010329Z,C-US,FRED,DFF,2026-09-27,2026-10-09,2026-10-09,3.88,%,ok,2026-10-10T01:03:27.865455+00:00
2026-10-10T010329Z,C-US,FRED,DFF,2026-09-28,2026-10-09,2026-10-09,3.88,%,ok,2026-10-10T01:03:27.865455+00:00
2026-10-10T010329Z,C-US,FRED,DFF,2026-09-29,2026-10-09,2026-10-09,3.88,%,ok,2026-10-10T01:03:27.865455+00:00
2026-10-10T010329Z,C-US,FRED,DFF,2026-09-30,2026-10-09,2026-10-09,3.88,%,ok,2026-10-10T01:03:27.865455+00:00
2026-10-10T010329Z,C-US,FRED,DFF,2026-10-01,2026-10-09,2026-10-09,3.88,%,ok,2026-10-10T01:03:27.865455+00:00
2026-10-10T010329Z,C-US,FRED,DFF,2026-10-02,2026-10-09,2026-10-09,3.88,%,ok,2026-10-10T01:03:27.865455+00:00
2026-10-10T010329Z,C-US,FRED,DFF,2026-10-03,2026-10-09,2026-10-09,3.88,%,ok,2026-10-10T01:03:27.865455+00:00
2026-10-10T010329Z,C-US,FRED,DFF,2026-10-04,2026-10-09,2026-10-09,3.88,%,ok,2026-10-10T01:03:27.865455+00:00
2026-10-10T010329Z,C-US,FRED,DFF,2026-10-05,2026-10-09,2026-10-09,3.88,%,ok,2026-10-10T01:03:27.865455+00:00
2026-10-10T010329Z,C-US,FRED,DFF,2026-10-06,2026-10-09,2026-10-09,3.88,%,ok,2026-10-10T01:03:27.865455+00:00
2026-10-10T010329Z,C-US,FRED,DFF,2026-10-07,2026-10-09,2026-10-09,3.88,%,ok,2026-10-10T01:03:27.865455+00:00
2026-10-10T010329Z,C-US,FRED,DFF,2026-10-08,2026-10-09,2026-10-09,3.88,%,ok,2026-10-10T01:03:27.865455+00:00
2026-10-10T010329Z,C-US,FRED,DCPF3M,2025-10-07,2026-10-07,2026-10-07,,%,missing_at_source,2026-10-10T01:03:28.241427+00:00
2026-10-10T010329Z,C-US,FRED,DCPF3M,2025-10-08,2026-10-07,2026-10-07,4.04,%,ok,2026-10-10T01:03:28.241427+00:00
2026-10-10T010329Z,C-US,FRED,DCPF3M,2025-10-09,2026-10-07,2026-10-07,3.95,%,ok,2026-10-10T01:03:28.241427+00:00
2026-10-10T010329Z,C-US,FRED,DCPF3M,2025-10-10,2026-10-07,2026-10-07,,%,missing_at_source,2026-10-10T01:03:28.241427+00:00
2026-10-10T010329Z,C-US,FRED,DCPF3M,2025-10-13,2026-10-07,2026-10-07,,%,missing_at_source,2026-10-10T01:03:28.241427+00:00
2026-10-10T010329Z,C-US,FRED,DCPF3M,2025-10-14,2026-10-07,2026-10-07,3.94,%,ok,2026-10-10T01:03:28.241427+00:00
2026-10-10T010329Z,C-US,FRED,DCPF3M,2025-10-15,2026-10-07,2026-10-07,3.97,%,ok,2026-10-10T01:03:28.241427+00:00
2026-10-10T010329Z,C-US,FRED,DCPF3M,2025-10-16,2026-10-07,2026-10-07,3.91,%,ok,2026-10-10T01:03:28.241427+00:00
2026-10-10T010329Z,C-US,FRED,DCPF3M,2025-10-17,2026-10-07,2026-10-07,,%,missing_at_source,2026-10-10T01:03:28.241427+00:00
2026-10-10T010329Z,C-US,FRED,DCPF3M,2025-10-20,2026-10-07,2026-10-07,,%,missing_at_source,2026-10-10T01:03:28.241427+00:00
2026-10-10T010329Z,C-US,FRED,DCPF3M,2025-10-21,2026-10-07,2026-10-07,,%,missing_at_source,2026-10-10T01:03:28.241427+00:00
2026-10-10T010329Z,C-US,FRED,DCPF3M,2025-10-22,2026-10-07,2026-10-07,3.93,%,ok,2026-10-10T01:03:28.241427+00:00
2026-10-10T010329Z,C-US,FRED,DCPF3M,2025-10-23,2026-10-07,2026-10-07,,%,missing_at_source,2026-10-10T01:03:28.241427+00:00
2026-10-10T010329Z,C-US,FRED,DCPF3M,2025-10-24,2026-10-07,2026-10-07,,%,missing_at_source,2026-10-10T01:03:28.241427+00:00
2026-10-10T010329Z,C-US,FRED,DCPF3M,2025-10-27,2026-10-07,2026-10-07,,%,missing_at_source,2026-10-10T01:03:28.241427+00:00
2026-10-10T010329Z,C-US,FRED,DCPF3M,2025-10-28,2026-10-07,2026-10-07,,%,missing_at_source,2026-10-10T01:03:28.241427+00:00
2026-10-10T010329Z,C-US,FRED,DCPF3M,2025-10-29,2026-10-07,2026-10-07,,%,missing_at_source,2026-10-10T01:03:28.241427+00:00
2026-10-10T010329Z,C-US,FRED,DCPF3M,2025-10-30,2026-10-07,2026-10-07,,%,missing_at_source,2026-10-10T01:03:28.241427+00:00
2026-10-10T010329Z,C-US,FRED,DCPF3M,2025-10-31,2026-10-07,2026-10-07,,%,missing_at_source,2026-10-10T01:03:28.241427+00:00
2026-10-10T010329Z,C-US,FRED,DCPF3M,2025-11-03,2026-10-07,2026-10-07,3.86,%,ok,2026-10-10T01:03:28.241427+00:00
2026-10-10T010329Z,C-US,FRED,DCPF3M,2025-11-04,2026-10-07,2026-10-07,,%,missing_at_source,2026-10-10T01:03:28.241427+00:00
2026-10-10T010329Z,C-US,FRED,DCPF3M,2025-11-05,2026-10-07,2026-10-07,,%,missing_at_source,2026-10-10T01:03:28.241427+00:00
2026-10-10T010329Z,C-US,FRED,DCPF3M,2025-11-06,2026-10-07,2026-10-07,3.85,%,ok,2026-10-10T01:03:28.241427+00:00
2026-10-10T010329Z,C-US,FRED,DCPF3M,2025-11-07,2026-10-07,2026-10-07,3.86,%,ok,2026-10-10T01:03:28.241427+00:00
2026-10-10T010329Z,C-US,FRED,DCPF3M,2025-11-10,2026-10-07,2026-10-07,,%,missing_at_source,2026-10-10T01:03:28.241427+00:00
2026-10-10T010329Z,C-US,FRED,DCPF3M,2025-11-11,2026-10-07,2026-10-07,,%,missing_at_source,2026-10-10T01:03:28.241427+00:00
2026-10-10T010329Z,C-US,FRED,DCPF3M,2025-11-12,2026-10-07,2026-10-07,,%,missing_at_source,2026-10-10T01:03:28.241427+00:00
2026-10-10T010329Z,C-US,FRED,DCPF3M,2025-11-13,2026-10-07,2026-10-07,3.82,%,ok,2026-10-10T01:03:28.241427+00:00
2026-10-10T010329Z,C-US,FRED,DCPF3M,2025-11-14,2026-10-07,2026-10-07,,%,missing_at_source,2026-10-10T01:03:28.241427+00:00
2026-10-10T010329Z,C-US,FRED,DCPF3M,2025-11-17,2026-10-07,2026-10-07,3.88,%,ok,2026-10-10T01:03:28.241427+00:00
2026-10-10T010329Z,C-US,FRED,DCPF3M,2025-11-18,2026-10-07,2026-10-07,3.9,%,ok,2026-10-10T01:03:28.241427+00:00
2026-10-10T010329Z,C-US,FRED,DCPF3M,2025-11-19,2026-10-07,2026-10-07,3.91,%,ok,2026-10-10T01:03:28.241427+00:00
2026-10-10T010329Z,C-US,FRED,DCPF3M,2025-11-20,2026-10-07,2026-10-07,3.83,%,ok,2026-10-10T01:03:28.241427+00:00
2026-10-10T010329Z,C-US,FRED,DCPF3M,2025-11-21,2026-10-07,2026-10-07,3.88,%,ok,2026-10-10T01:03:28.241427+00:00
2026-10-10T010329Z,C-US,FRED,DCPF3M,2025-11-24,2026-10-07,2026-10-07,3.8,%,ok,2026-10-10T01:03:28.241427+00:00
2026-10-10T010329Z,C-US,FRED,DCPF3M,2025-11-25,2026-10-07,2026-10-07,3.9,%,ok,2026-10-10T01:03:28.241427+00:00
2026-10-10T010329Z,C-US,FRED,DCPF3M,2025-11-26,2026-10-07,2026-10-07,3.85,%,ok,2026-10-10T01:03:28.241427+00:00
2026-10-10T010329Z,C-US,FRED,DCPF3M,2025-11-27,2026-10-07,2026-10-07,,%,missing_at_source,2026-10-10T01:03:28.241427+00:00
2026-10-10T010329Z,C-US,FRED,DCPF3M,2025-11-28,2026-10-07,2026-10-07,,%,missing_at_source,2026-10-10T01:03:28.241427+00:00
2026-10-10T010329Z,C-US,FRED,DCPF3M,2025-12-01,2026-10-07,2026-10-07,,%,missing_at_source,2026-10-10T01:03:28.241427+00:00
2026-10-10T010329Z,C-US,FRED,DCPF3M,2025-12-02,2026-10-07,2026-10-07,3.89,%,ok,2026-10-10T01:03:28.241427+00:00
2026-10-10T010329Z,C-US,FRED,DCPF3M,2025-12-03,2026-10-07,2026-10-07,3.84,%,ok,2026-10-10T01:03:28.241427+00:00
2026-10-10T010329Z,C-US,FRED,DCPF3M,2025-12-04,2026-10-07,2026-10-07,3.79,%,ok,2026-10-10T01:03:28.241427+00:00
2026-10-10T010329Z,C-US,FRED,DCPF3M,2025-12-05,2026-10-07,2026-10-07,3.72,%,ok,2026-10-10T01:03:28.241427+00:00
2026-10-10T010329Z,C-US,FRED,DCPF3M,2025-12-08,2026-10-07,2026-10-07,3.75,%,ok,2026-10-10T01:03:28.241427+00:00
2026-10-10T010329Z,C-US,FRED,DCPF3M,2025-12-09,2026-10-07,2026-10-07,3.68,%,ok,2026-10-10T01:03:28.241427+00:00
2026-10-10T010329Z,C-US,FRED,DCPF3M,2025-12-10,2026-10-07,2026-10-07,3.72,%,ok,2026-10-10T01:03:28.241427+00:00
2026-10-10T010329Z,C-US,FRED,DCPF3M,2025-12-11,2026-10-07,2026-10-07,,%,missing_at_source,2026-10-10T01:03:28.241427+00:00
2026-10-10T010329Z,C-US,FRED,DCPF3M,2025-12-12,2026-10-07,2026-10-07,,%,missing_at_source,2026-10-10T01:03:28.241427+00:00
2026-10-10T010329Z,C-US,FRED,DCPF3M,2025-12-15,2026-10-07,2026-10-07,,%,missing_at_source,2026-10-10T01:03:28.241427+00:00
2026-10-10T010329Z,C-US,FRED,DCPF3M,2025-12-16,2026-10-07,2026-10-07,3.81,%,ok,2026-10-10T01:03:28.241427+00:00
2026-10-10T010329Z,C-US,FRED,DCPF3M,2025-12-17,2026-10-07,2026-10-07,3.59,%,ok,2026-10-10T01:03:28.241427+00:00
2026-10-10T010329Z,C-US,FRED,DCPF3M,2025-12-18,2026-10-07,2026-10-07,3.7,%,ok,2026-10-10T01:03:28.241427+00:00
2026-10-10T010329Z,C-US,FRED,DCPF3M,2025-12-19,2026-10-07,2026-10-07,,%,missing_at_source,2026-10-10T01:03:28.241427+00:00
2026-10-10T010329Z,C-US,FRED,DCPF3M,2025-12-22,2026-10-07,2026-10-07,,%,missing_at_source,2026-10-10T01:03:28.241427+00:00
2026-10-10T010329Z,C-US,FRED,DCPF3M,2025-12-23,2026-10-07,2026-10-07,3.66,%,ok,2026-10-10T01:03:28.241427+00:00
2026-10-10T010329Z,C-US,FRED,DCPF3M,2025-12-24,2026-10-07,2026-10-07,,%,missing_at_source,2026-10-10T01:03:28.241427+00:00
2026-10-10T010329Z,C-US,FRED,DCPF3M,2025-12-25,2026-10-07,2026-10-07,,%,missing_at_source,2026-10-10T01:03:28.241427+00:00
2026-10-10T010329Z,C-US,FRED,DCPF3M,2025-12-26,2026-10-07,2026-10-07,,%,missing_at_source,2026-10-10T01:03:28.241427+00:00
2026-10-10T010329Z,C-US,FRED,DCPF3M,2025-12-29,2026-10-07,2026-10-07,,%,missing_at_source,2026-10-10T01:03:28.241427+00:00
2026-10-10T010329Z,C-US,FRED,DCPF3M,2025-12-30,2026-10-07,2026-10-07,3.7,%,ok,2026-10-10T01:03:28.241427+00:00
2026-10-10T010329Z,C-US,FRED,DCPF3M,2025-12-31,2026-10-07,2026-10-07,,%,missing_at_source,2026-10-10T01:03:28.241427+00:00
2026-10-10T010329Z,C-US,FRED,DCPF3M,2026-01-01,2026-10-07,2026-10-07,,%,missing_at_source,2026-10-10T01:03:28.241427+00:00
2026-10-10T010329Z,C-US,FRED,DCPF3M,2026-01-02,2026-10-07,2026-10-07,,%,missing_at_source,2026-10-10T01:03:28.241427+00:00
2026-10-10T010329Z,C-US,FRED,DCPF3M,2026-01-05,2026-10-07,2026-10-07,,%,missing_at_source,2026-10-10T01:03:28.241427+00:00
2026-10-10T010329Z,C-US,FRED,DCPF3M,2026-01-06,2026-10-07,2026-10-07,3.66,%,ok,2026-10-10T01:03:28.241427+00:00
2026-10-10T010329Z,C-US,FRED,DCPF3M,2026-01-07,2026-10-07,2026-10-07,3.64,%,ok,2026-10-10T01:03:28.241427+00:00
2026-10-10T010329Z,C-US,FRED,DCPF3M,2026-01-08,2026-10-07,2026-10-07,,%,missing_at_source,2026-10-10T01:03:28.241427+00:00
2026-10-10T010329Z,C-US,FRED,DCPF3M,2026-01-09,2026-10-07,2026-10-07,,%,missing_at_source,2026-10-10T01:03:28.241427+00:00
2026-10-10T010329Z,C-US,FRED,DCPF3M,2026-01-12,2026-10-07,2026-10-07,,%,missing_at_source,2026-10-10T01:03:28.241427+00:00
2026-10-10T010329Z,C-US,FRED,DCPF3M,2026-01-13,2026-10-07,2026-10-07,3.58,%,ok,2026-10-10T01:03:28.241427+00:00
2026-10-10T010329Z,C-US,FRED,DCPF3M,2026-01-14,2026-10-07,2026-10-07,,%,missing_at_source,2026-10-10T01:03:28.241427+00:00
2026-10-10T010329Z,C-US,FRED,DCPF3M,2026-01-15,2026-10-07,2026-10-07,3.67,%,ok,2026-10-10T01:03:28.241427+00:00
2026-10-10T010329Z,C-US,FRED,DCPF3M,2026-01-16,2026-10-07,2026-10-07,,%,missing_at_source,2026-10-10T01:03:28.241427+00:00
2026-10-10T010329Z,C-US,FRED,DCPF3M,2026-01-19,2026-10-07,2026-10-07,,%,missing_at_source,2026-10-10T01:03:28.241427+00:00
2026-10-10T010329Z,C-US,FRED,DCPF3M,2026-01-20,2026-10-07,2026-10-07,,%,missing_at_source,2026-10-10T01:03:28.241427+00:00
2026-10-10T010329Z,C-US,FRED,DCPF3M,2026-01-21,2026-10-07,2026-10-07,3.58,%,ok,2026-10-10T01:03:28.241427+00:00
2026-10-10T010329Z,C-US,FRED,DCPF3M,2026-01-22,2026-10-07,2026-10-07,3.67,%,ok,2026-10-10T01:03:28.241427+00:00
2026-10-10T010329Z,C-US,FRED,DCPF3M,2026-01-23,2026-10-07,2026-10-07,,%,missing_at_source,2026-10-10T01:03:28.241427+00:00
2026-10-10T010329Z,C-US,FRED,DCPF3M,2026-01-26,2026-10-07,2026-10-07,3.57,%,ok,2026-10-10T01:03:28.241427+00:00
2026-10-10T010329Z,C-US,FRED,DCPF3M,2026-01-27,2026-10-07,2026-10-07,,%,missing_at_source,2026-10-10T01:03:28.241427+00:00
2026-10-10T010329Z,C-US,FRED,DCPF3M,2026-01-28,2026-10-07,2026-10-07,3.67,%,ok,2026-10-10T01:03:28.241427+00:00
2026-10-10T010329Z,C-US,FRED,DCPF3M,2026-01-29,2026-10-07,2026-10-07,,%,missing_at_source,2026-10-10T01:03:28.241427+00:00
2026-10-10T010329Z,C-US,FRED,DCPF3M,2026-01-30,2026-10-07,2026-10-07,,%,missing_at_source,2026-10-10T01:03:28.241427+00:00
2026-10-10T010329Z,C-US,FRED,DCPF3M,2026-02-02,2026-10-07,2026-10-07,,%,missing_at_source,2026-10-10T01:03:28.241427+00:00
2026-10-10T010329Z,C-US,FRED,DCPF3M,2026-02-03,2026-10-07,2026-10-07,,%,missing_at_source,2026-10-10T01:03:28.241427+00:00
2026-10-10T010329Z,C-US,FRED,DCPF3M,2026-02-04,2026-10-07,2026-10-07,3.62,%,ok,2026-10-10T01:03:28.241427+00:00
2026-10-10T010329Z,C-US,FRED,DCPF3M,2026-02-05,2026-10-07,2026-10-07,3.7,%,ok,2026-10-10T01:03:28.241427+00:00
2026-10-10T010329Z,C-US,FRED,DCPF3M,2026-02-06,2026-10-07,2026-10-07,3.63,%,ok,2026-10-10T01:03:28.241427+00:00
2026-10-10T010329Z,C-US,FRED,DCPF3M,2026-02-09,2026-10-07,2026-10-07,3.73,%,ok,2026-10-10T01:03:28.241427+00:00
2026-10-10T010329Z,C-US,FRED,DCPF3M,2026-02-10,2026-10-07,2026-10-07,3.64,%,ok,2026-10-10T01:03:28.241427+00:00
2026-10-10T010329Z,C-US,FRED,DCPF3M,2026-02-11,2026-10-07,2026-10-07,,%,missing_at_source,2026-10-10T01:03:28.241427+00:00
2026-10-10T010329Z,C-US,FRED,DCPF3M,2026-02-12,2026-10-07,2026-10-07,3.62,%,ok,2026-10-10T01:03:28.241427+00:00
2026-10-10T010329Z,C-US,FRED,DCPF3M,2026-02-13,2026-10-07,2026-10-07,3.66,%,ok,2026-10-10T01:03:28.241427+00:00
2026-10-10T010329Z,C-US,FRED,DCPF3M,2026-02-16,2026-10-07,2026-10-07,,%,missing_at_source,2026-10-10T01:03:28.241427+00:00
2026-10-10T010329Z,C-US,FRED,DCPF3M,2026-02-17,2026-10-07,2026-10-07,,%,missing_at_source,2026-10-10T01:03:28.241427+00:00
2026-10-10T010329Z,C-US,FRED,DCPF3M,2026-02-18,2026-10-07,2026-10-07,,%,missing_at_source,2026-10-10T01:03:28.241427+00:00
2026-10-10T010329Z,C-US,FRED,DCPF3M,2026-02-19,2026-10-07,2026-10-07,,%,missing_at_source,2026-10-10T01:03:28.241427+00:00
2026-10-10T010329Z,C-US,FRED,DCPF3M,2026-02-20,2026-10-07,2026-10-07,,%,missing_at_source,2026-10-10T01:03:28.241427+00:00
2026-10-10T010329Z,C-US,FRED,DCPF3M,2026-02-23,2026-10-07,2026-10-07,,%,missing_at_source,2026-10-10T01:03:28.241427+00:00
2026-10-10T010329Z,C-US,FRED,DCPF3M,2026-02-24,2026-10-07,2026-10-07,,%,missing_at_source,2026-10-10T01:03:28.241427+00:00
2026-10-10T010329Z,C-US,FRED,DCPF3M,2026-02-25,2026-10-07,2026-10-07,3.66,%,ok,2026-10-10T01:03:28.241427+00:00
2026-10-10T010329Z,C-US,FRED,DCPF3M,2026-02-26,2026-10-07,2026-10-07,,%,missing_at_source,2026-10-10T01:03:28.241427+00:00
2026-10-10T010329Z,C-US,FRED,DCPF3M,2026-02-27,2026-10-07,2026-10-07,3.69,%,ok,2026-10-10T01:03:28.241427+00:00
2026-10-10T010329Z,C-US,FRED,DCPF3M,2026-03-02,2026-10-07,2026-10-07,3.68,%,ok,2026-10-10T01:03:28.241427+00:00
2026-10-10T010329Z,C-US,FRED,DCPF3M,2026-03-03,2026-10-07,2026-10-07,3.67,%,ok,2026-10-10T01:03:28.241427+00:00
2026-10-10T010329Z,C-US,FRED,DCPF3M,2026-03-04,2026-10-07,2026-10-07,3.66,%,ok,2026-10-10T01:03:28.241427+00:00
2026-10-10T010329Z,C-US,FRED,DCPF3M,2026-03-05,2026-10-07,2026-10-07,3.63,%,ok,2026-10-10T01:03:28.241427+00:00
2026-10-10T010329Z,C-US,FRED,DCPF3M,2026-03-06,2026-10-07,2026-10-07,,%,missing_at_source,2026-10-10T01:03:28.241427+00:00
2026-10-10T010329Z,C-US,FRED,DCPF3M,2026-03-09,2026-10-07,2026-10-07,3.68,%,ok,2026-10-10T01:03:28.241427+00:00
2026-10-10T010329Z,C-US,FRED,DCPF3M,2026-03-10,2026-10-07,2026-10-07,,%,missing_at_source,2026-10-10T01:03:28.241427+00:00
2026-10-10T010329Z,C-US,FRED,DCPF3M,2026-03-11,2026-10-07,2026-10-07,3.68,%,ok,2026-10-10T01:03:28.241427+00:00
2026-10-10T010329Z,C-US,FRED,DCPF3M,2026-03-12,2026-10-07,2026-10-07,,%,missing_at_source,2026-10-10T01:03:28.241427+00:00
2026-10-10T010329Z,C-US,FRED,DCPF3M,2026-03-13,2026-10-07,2026-10-07,,%,missing_at_source,2026-10-10T01:03:28.241427+00:00
2026-10-10T010329Z,C-US,FRED,DCPF3M,2026-03-16,2026-10-07,2026-10-07,3.75,%,ok,2026-10-10T01:03:28.241427+00:00
2026-10-10T010329Z,C-US,FRED,DCPF3M,2026-03-17,2026-10-07,2026-10-07,3.73,%,ok,2026-10-10T01:03:28.241427+00:00
2026-10-10T010329Z,C-US,FRED,DCPF3M,2026-03-18,2026-10-07,2026-10-07,3.66,%,ok,2026-10-10T01:03:28.241427+00:00
2026-10-10T010329Z,C-US,FRED,DCPF3M,2026-03-19,2026-10-07,2026-10-07,,%,missing_at_source,2026-10-10T01:03:28.241427+00:00
2026-10-10T010329Z,C-US,FRED,DCPF3M,2026-03-20,2026-10-07,2026-10-07,,%,missing_at_source,2026-10-10T01:03:28.241427+00:00
2026-10-10T010329Z,C-US,FRED,DCPF3M,2026-03-23,2026-10-07,2026-10-07,,%,missing_at_source,2026-10-10T01:03:28.241427+00:00
2026-10-10T010329Z,C-US,FRED,DCPF3M,2026-03-24,2026-10-07,2026-10-07,3.77,%,ok,2026-10-10T01:03:28.241427+00:00
2026-10-10T010329Z,C-US,FRED,DCPF3M,2026-03-25,2026-10-07,2026-10-07,,%,missing_at_source,2026-10-10T01:03:28.241427+00:00
2026-10-10T010329Z,C-US,FRED,DCPF3M,2026-03-26,2026-10-07,2026-10-07,,%,missing_at_source,2026-10-10T01:03:28.241427+00:00
2026-10-10T010329Z,C-US,FRED,DCPF3M,2026-03-27,2026-10-07,2026-10-07,,%,missing_at_source,2026-10-10T01:03:28.241427+00:00
2026-10-10T010329Z,C-US,FRED,DCPF3M,2026-03-30,2026-10-07,2026-10-07,,%,missing_at_source,2026-10-10T01:03:28.241427+00:00
2026-10-10T010329Z,C-US,FRED,DCPF3M,2026-03-31,2026-10-07,2026-10-07,,%,missing_at_source,2026-10-10T01:03:28.241427+00:00
2026-10-10T010329Z,C-US,FRED,DCPF3M,2026-04-01,2026-10-07,2026-10-07,3.9,%,ok,2026-10-10T01:03:28.241427+00:00
2026-10-10T010329Z,C-US,FRED,DCPF3M,2026-04-02,2026-10-07,2026-10-07,3.73,%,ok,2026-10-10T01:03:28.241427+00:00
2026-10-10T010329Z,C-US,FRED,DCPF3M,2026-04-03,2026-10-07,2026-10-07,,%,missing_at_source,2026-10-10T01:03:28.241427+00:00
2026-10-10T010329Z,C-US,FRED,DCPF3M,2026-04-06,2026-10-07,2026-10-07,,%,missing_at_source,2026-10-10T01:03:28.241427+00:00
2026-10-10T010329Z,C-US,FRED,DCPF3M,2026-04-07,2026-10-07,2026-10-07,3.74,%,ok,2026-10-10T01:03:28.241427+00:00
2026-10-10T010329Z,C-US,FRED,DCPF3M,2026-04-08,2026-10-07,2026-10-07,3.74,%,ok,2026-10-10T01:03:28.241427+00:00
2026-10-10T010329Z,C-US,FRED,DCPF3M,2026-04-09,2026-10-07,2026-10-07,3.73,%,ok,2026-10-10T01:03:28.241427+00:00
2026-10-10T010329Z,C-US,FRED,DCPF3M,2026-04-10,2026-10-07,2026-10-07,,%,missing_at_source,2026-10-10T01:03:28.241427+00:00
2026-10-10T010329Z,C-US,FRED,DCPF3M,2026-04-13,2026-10-07,2026-10-07,3.72,%,ok,2026-10-10T01:03:28.241427+00:00
2026-10-10T010329Z,C-US,FRED,DCPF3M,2026-04-14,2026-10-07,2026-10-07,3.82,%,ok,2026-10-10T01:03:28.241427+00:00
2026-10-10T010329Z,C-US,FRED,DCPF3M,2026-04-15,2026-10-07,2026-10-07,,%,missing_at_source,2026-10-10T01:03:28.241427+00:00
2026-10-10T010329Z,C-US,FRED,DCPF3M,2026-04-16,2026-10-07,2026-10-07,3.79,%,ok,2026-10-10T01:03:28.241427+00:00
2026-10-10T010329Z,C-US,FRED,DCPF3M,2026-04-17,2026-10-07,2026-10-07,3.74,%,ok,2026-10-10T01:03:28.241427+00:00
2026-10-10T010329Z,C-US,FRED,DCPF3M,2026-04-20,2026-10-07,2026-10-07,3.71,%,ok,2026-10-10T01:03:28.241427+00:00
2026-10-10T010329Z,C-US,FRED,DCPF3M,2026-04-21,2026-10-07,2026-10-07,,%,missing_at_source,2026-10-10T01:03:28.241427+00:00
2026-10-10T010329Z,C-US,FRED,DCPF3M,2026-04-22,2026-10-07,2026-10-07,,%,missing_at_source,2026-10-10T01:03:28.241427+00:00
2026-10-10T010329Z,C-US,FRED,DCPF3M,2026-04-23,2026-10-07,2026-10-07,3.73,%,ok,2026-10-10T01:03:28.241427+00:00
2026-10-10T010329Z,C-US,FRED,DCPF3M,2026-04-24,2026-10-07,2026-10-07,,%,missing_at_source,2026-10-10T01:03:28.241427+00:00
2026-10-10T010329Z,C-US,FRED,DCPF3M,2026-04-27,2026-10-07,2026-10-07,3.81,%,ok,2026-10-10T01:03:28.241427+00:00
2026-10-10T010329Z,C-US,FRED,DCPF3M,2026-04-28,2026-10-07,2026-10-07,3.81,%,ok,2026-10-10T01:03:28.241427+00:00
2026-10-10T010329Z,C-US,FRED,DCPF3M,2026-04-29,2026-10-07,2026-10-07,,%,missing_at_source,2026-10-10T01:03:28.241427+00:00
2026-10-10T010329Z,C-US,FRED,DCPF3M,2026-04-30,2026-10-07,2026-10-07,,%,missing_at_source,2026-10-10T01:03:28.241427+00:00
2026-10-10T010329Z,C-US,FRED,DCPF3M,2026-05-01,2026-10-07,2026-10-07,3.75,%,ok,2026-10-10T01:03:28.241427+00:00
2026-10-10T010329Z,C-US,FRED,DCPF3M,2026-05-04,2026-10-07,2026-10-07,3.73,%,ok,2026-10-10T01:03:28.241427+00:00
2026-10-10T010329Z,C-US,FRED,DCPF3M,2026-05-05,2026-10-07,2026-10-07,,%,missing_at_source,2026-10-10T01:03:28.241427+00:00
2026-10-10T010329Z,C-US,FRED,DCPF3M,2026-05-06,2026-10-07,2026-10-07,3.69,%,ok,2026-10-10T01:03:28.241427+00:00
2026-10-10T010329Z,C-US,FRED,DCPF3M,2026-05-07,2026-10-07,2026-10-07,3.67,%,ok,2026-10-10T01:03:28.241427+00:00
2026-10-10T010329Z,C-US,FRED,DCPF3M,2026-05-08,2026-10-07,2026-10-07,,%,missing_at_source,2026-10-10T01:03:28.241427+00:00
2026-10-10T010329Z,C-US,FRED,DCPF3M,2026-05-11,2026-10-07,2026-10-07,,%,missing_at_source,2026-10-10T01:03:28.241427+00:00
2026-10-10T010329Z,C-US,FRED,DCPF3M,2026-05-12,2026-10-07,2026-10-07,,%,missing_at_source,2026-10-10T01:03:28.241427+00:00
2026-10-10T010329Z,C-US,FRED,DCPF3M,2026-05-13,2026-10-07,2026-10-07,3.72,%,ok,2026-10-10T01:03:28.241427+00:00
2026-10-10T010329Z,C-US,FRED,DCPF3M,2026-05-14,2026-10-07,2026-10-07,,%,missing_at_source,2026-10-10T01:03:28.241427+00:00
2026-10-10T010329Z,C-US,FRED,DCPF3M,2026-05-15,2026-10-07,2026-10-07,,%,missing_at_source,2026-10-10T01:03:28.241427+00:00
2026-10-10T010329Z,C-US,FRED,DCPF3M,2026-05-18,2026-10-07,2026-10-07,,%,missing_at_source,2026-10-10T01:03:28.241427+00:00
2026-10-10T010329Z,C-US,FRED,DCPF3M,2026-05-19,2026-10-07,2026-10-07,,%,missing_at_source,2026-10-10T01:03:28.241427+00:00
2026-10-10T010329Z,C-US,FRED,DCPF3M,2026-05-20,2026-10-07,2026-10-07,,%,missing_at_source,2026-10-10T01:03:28.241427+00:00
2026-10-10T010329Z,C-US,FRED,DCPF3M,2026-05-21,2026-10-07,2026-10-07,3.69,%,ok,2026-10-10T01:03:28.241427+00:00
2026-10-10T010329Z,C-US,FRED,DCPF3M,2026-05-22,2026-10-07,2026-10-07,3.75,%,ok,2026-10-10T01:03:28.241427+00:00
2026-10-10T010329Z,C-US,FRED,DCPF3M,2026-05-25,2026-10-07,2026-10-07,,%,missing_at_source,2026-10-10T01:03:28.241427+00:00
2026-10-10T010329Z,C-US,FRED,DCPF3M,2026-05-26,2026-10-07,2026-10-07,,%,missing_at_source,2026-10-10T01:03:28.241427+00:00
2026-10-10T010329Z,C-US,FRED,DCPF3M,2026-05-27,2026-10-07,2026-10-07,3.74,%,ok,2026-10-10T01:03:28.241427+00:00
2026-10-10T010329Z,C-US,FRED,DCPF3M,2026-05-28,2026-10-07,2026-10-07,,%,missing_at_source,2026-10-10T01:03:28.241427+00:00
2026-10-10T010329Z,C-US,FRED,DCPF3M,2026-05-29,2026-10-07,2026-10-07,,%,missing_at_source,2026-10-10T01:03:28.241427+00:00
2026-10-10T010329Z,C-US,FRED,DCPF3M,2026-06-01,2026-10-07,2026-10-07,3.7,%,ok,2026-10-10T01:03:28.241427+00:00
2026-10-10T010329Z,C-US,FRED,DCPF3M,2026-06-02,2026-10-07,2026-10-07,3.7,%,ok,2026-10-10T01:03:28.241427+00:00
2026-10-10T010329Z,C-US,FRED,DCPF3M,2026-06-03,2026-10-07,2026-10-07,3.72,%,ok,2026-10-10T01:03:28.241427+00:00
2026-10-10T010329Z,C-US,FRED,DCPF3M,2026-06-04,2026-10-07,2026-10-07,3.73,%,ok,2026-10-10T01:03:28.241427+00:00
2026-10-10T010329Z,C-US,FRED,DCPF3M,2026-06-05,2026-10-07,2026-10-07,3.74,%,ok,2026-10-10T01:03:28.241427+00:00
2026-10-10T010329Z,C-US,FRED,DCPF3M,2026-06-08,2026-10-07,2026-10-07,3.65,%,ok,2026-10-10T01:03:28.241427+00:00
2026-10-10T010329Z,C-US,FRED,DCPF3M,2026-06-09,2026-10-07,2026-10-07,,%,missing_at_source,2026-10-10T01:03:28.241427+00:00
2026-10-10T010329Z,C-US,FRED,DCPF3M,2026-06-10,2026-10-07,2026-10-07,3.72,%,ok,2026-10-10T01:03:28.241427+00:00
2026-10-10T010329Z,C-US,FRED,DCPF3M,2026-06-11,2026-10-07,2026-10-07,3.76,%,ok,2026-10-10T01:03:28.241427+00:00
2026-10-10T010329Z,C-US,FRED,DCPF3M,2026-06-12,2026-10-07,2026-10-07,,%,missing_at_source,2026-10-10T01:03:28.241427+00:00
2026-10-10T010329Z,C-US,FRED,DCPF3M,2026-06-15,2026-10-07,2026-10-07,,%,missing_at_source,2026-10-10T01:03:28.241427+00:00
2026-10-10T010329Z,C-US,FRED,DCPF3M,2026-06-16,2026-10-07,2026-10-07,3.76,%,ok,2026-10-10T01:03:28.241427+00:00
2026-10-10T010329Z,C-US,FRED,DCPF3M,2026-06-17,2026-10-07,2026-10-07,3.76,%,ok,2026-10-10T01:03:28.241427+00:00
2026-10-10T010329Z,C-US,FRED,DCPF3M,2026-06-18,2026-10-07,2026-10-07,3.84,%,ok,2026-10-10T01:03:28.241427+00:00
2026-10-10T010329Z,C-US,FRED,DCPF3M,2026-06-19,2026-10-07,2026-10-07,,%,missing_at_source,2026-10-10T01:03:28.241427+00:00
2026-10-10T010329Z,C-US,FRED,DCPF3M,2026-06-22,2026-10-07,2026-10-07,3.8,%,ok,2026-10-10T01:03:28.241427+00:00
2026-10-10T010329Z,C-US,FRED,DCPF3M,2026-06-23,2026-10-07,2026-10-07,3.82,%,ok,2026-10-10T01:03:28.241427+00:00
2026-10-10T010329Z,C-US,FRED,DCPF3M,2026-06-24,2026-10-07,2026-10-07,,%,missing_at_source,2026-10-10T01:03:28.241427+00:00
2026-10-10T010329Z,C-US,FRED,DCPF3M,2026-06-25,2026-10-07,2026-10-07,,%,missing_at_source,2026-10-10T01:03:28.241427+00:00
2026-10-10T010329Z,C-US,FRED,DCPF3M,2026-06-26,2026-10-07,2026-10-07,3.81,%,ok,2026-10-10T01:03:28.241427+00:00
2026-10-10T010329Z,C-US,FRED,DCPF3M,2026-06-29,2026-10-07,2026-10-07,3.8,%,ok,2026-10-10T01:03:28.241427+00:00
2026-10-10T010329Z,C-US,FRED,DCPF3M,2026-06-30,2026-10-07,2026-10-07,3.93,%,ok,2026-10-10T01:03:28.241427+00:00
2026-10-10T010329Z,C-US,FRED,DCPF3M,2026-07-01,2026-10-07,2026-10-07,3.89,%,ok,2026-10-10T01:03:28.241427+00:00
2026-10-10T010329Z,C-US,FRED,DCPF3M,2026-07-02,2026-10-07,2026-10-07,3.84,%,ok,2026-10-10T01:03:28.241427+00:00
2026-10-10T010329Z,C-US,FRED,DCPF3M,2026-07-03,2026-10-07,2026-10-07,,%,missing_at_source,2026-10-10T01:03:28.241427+00:00
2026-10-10T010329Z,C-US,FRED,DCPF3M,2026-07-06,2026-10-07,2026-10-07,3.76,%,ok,2026-10-10T01:03:28.241427+00:00
2026-10-10T010329Z,C-US,FRED,DCPF3M,2026-07-07,2026-10-07,2026-10-07,,%,missing_at_source,2026-10-10T01:03:28.241427+00:00
2026-10-10T010329Z,C-US,FRED,DCPF3M,2026-07-08,2026-10-07,2026-10-07,3.8,%,ok,2026-10-10T01:03:28.241427+00:00
2026-10-10T010329Z,C-US,FRED,DCPF3M,2026-07-09,2026-10-07,2026-10-07,,%,missing_at_source,2026-10-10T01:03:28.241427+00:00
2026-10-10T010329Z,C-US,FRED,DCPF3M,2026-07-10,2026-10-07,2026-10-07,,%,missing_at_source,2026-10-10T01:03:28.241427+00:00
2026-10-10T010329Z,C-US,FRED,DCPF3M,2026-07-13,2026-10-07,2026-10-07,,%,missing_at_source,2026-10-10T01:03:28.241427+00:00
2026-10-10T010329Z,C-US,FRED,DCPF3M,2026-07-14,2026-10-07,2026-10-07,,%,missing_at_source,2026-10-10T01:03:28.241427+00:00
2026-10-10T010329Z,C-US,FRED,DCPF3M,2026-07-15,2026-10-07,2026-10-07,,%,missing_at_source,2026-10-10T01:03:28.241427+00:00
2026-10-10T010329Z,C-US,FRED,DCPF3M,2026-07-16,2026-10-07,2026-10-07,3.92,%,ok,2026-10-10T01:03:28.241427+00:00
2026-10-10T010329Z,C-US,FRED,DCPF3M,2026-07-17,2026-10-07,2026-10-07,3.77,%,ok,2026-10-10T01:03:28.241427+00:00
2026-10-10T010329Z,C-US,FRED,DCPF3M,2026-07-20,2026-10-07,2026-10-07,3.76,%,ok,2026-10-10T01:03:28.241427+00:00
2026-10-10T010329Z,C-US,FRED,DCPF3M,2026-07-21,2026-10-07,2026-10-07,,%,missing_at_source,2026-10-10T01:03:28.241427+00:00
2026-10-10T010329Z,C-US,FRED,DCPF3M,2026-07-22,2026-10-07,2026-10-07,,%,missing_at_source,2026-10-10T01:03:28.241427+00:00
2026-10-10T010329Z,C-US,FRED,DCPF3M,2026-07-23,2026-10-07,2026-10-07,3.81,%,ok,2026-10-10T01:03:28.241427+00:00
2026-10-10T010329Z,C-US,FRED,DCPF3M,2026-07-24,2026-10-07,2026-10-07,,%,missing_at_source,2026-10-10T01:03:28.241427+00:00
2026-10-10T010329Z,C-US,FRED,DCPF3M,2026-07-27,2026-10-07,2026-10-07,3.86,%,ok,2026-10-10T01:03:28.241427+00:00
2026-10-10T010329Z,C-US,FRED,DCPF3M,2026-07-28,2026-10-07,2026-10-07,3.76,%,ok,2026-10-10T01:03:28.241427+00:00
2026-10-10T010329Z,C-US,FRED,DCPF3M,2026-07-29,2026-10-07,2026-10-07,3.88,%,ok,2026-10-10T01:03:28.241427+00:00
2026-10-10T010329Z,C-US,FRED,DCPF3M,2026-07-30,2026-10-07,2026-10-07,,%,missing_at_source,2026-10-10T01:03:28.241427+00:00
2026-10-10T010329Z,C-US,FRED,DCPF3M,2026-07-31,2026-10-07,2026-10-07,,%,missing_at_source,2026-10-10T01:03:28.241427+00:00
2026-10-10T010329Z,C-US,FRED,DCPF3M,2026-08-03,2026-10-07,2026-10-07,,%,missing_at_source,2026-10-10T01:03:28.241427+00:00
2026-10-10T010329Z,C-US,FRED,DCPF3M,2026-08-04,2026-10-07,2026-10-07,,%,missing_at_source,2026-10-10T01:03:28.241427+00:00
2026-10-10T010329Z,C-US,FRED,DCPF3M,2026-08-05,2026-10-07,2026-10-07,3.85,%,ok,2026-10-10T01:03:28.241427+00:00
2026-10-10T010329Z,C-US,FRED,DCPF3M,2026-08-06,2026-10-07,2026-10-07,3.83,%,ok,2026-10-10T01:03:28.241427+00:00
2026-10-10T010329Z,C-US,FRED,DCPF3M,2026-08-07,2026-10-07,2026-10-07,3.84,%,ok,2026-10-10T01:03:28.241427+00:00
2026-10-10T010329Z,C-US,FRED,DCPF3M,2026-08-10,2026-10-07,2026-10-07,3.9,%,ok,2026-10-10T01:03:28.241427+00:00
2026-10-10T010329Z,C-US,FRED,DCPF3M,2026-08-11,2026-10-07,2026-10-07,3.78,%,ok,2026-10-10T01:03:28.241427+00:00
2026-10-10T010329Z,C-US,FRED,DCPF3M,2026-08-12,2026-10-07,2026-10-07,,%,missing_at_source,2026-10-10T01:03:28.241427+00:00
2026-10-10T010329Z,C-US,FRED,DCPF3M,2026-08-13,2026-10-07,2026-10-07,3.79,%,ok,2026-10-10T01:03:28.241427+00:00
2026-10-10T010329Z,C-US,FRED,DCPF3M,2026-08-14,2026-10-07,2026-10-07,3.82,%,ok,2026-10-10T01:03:28.241427+00:00
2026-10-10T010329Z,C-US,FRED,DCPF3M,2026-08-17,2026-10-07,2026-10-07,3.78,%,ok,2026-10-10T01:03:28.241427+00:00
2026-10-10T010329Z,C-US,FRED,DCPF3M,2026-08-18,2026-10-07,2026-10-07,3.79,%,ok,2026-10-10T01:03:28.241427+00:00
2026-10-10T010329Z,C-US,FRED,DCPF3M,2026-08-19,2026-10-07,2026-10-07,3.84,%,ok,2026-10-10T01:03:28.241427+00:00
2026-10-10T010329Z,C-US,FRED,DCPF3M,2026-08-20,2026-10-07,2026-10-07,3.8,%,ok,2026-10-10T01:03:28.241427+00:00
2026-10-10T010329Z,C-US,FRED,DCPF3M,2026-08-21,2026-10-07,2026-10-07,,%,missing_at_source,2026-10-10T01:03:28.241427+00:00
2026-10-10T010329Z,C-US,FRED,DCPF3M,2026-08-24,2026-10-07,2026-10-07,3.8,%,ok,2026-10-10T01:03:28.241427+00:00
2026-10-10T010329Z,C-US,FRED,DCPF3M,2026-08-25,2026-10-07,2026-10-07,,%,missing_at_source,2026-10-10T01:03:28.241427+00:00
2026-10-10T010329Z,C-US,FRED,DCPF3M,2026-08-26,2026-10-07,2026-10-07,,%,missing_at_source,2026-10-10T01:03:28.241427+00:00
2026-10-10T010329Z,C-US,FRED,DCPF3M,2026-08-27,2026-10-07,2026-10-07,,%,missing_at_source,2026-10-10T01:03:28.241427+00:00
2026-10-10T010329Z,C-US,FRED,DCPF3M,2026-08-28,2026-10-07,2026-10-07,3.83,%,ok,2026-10-10T01:03:28.241427+00:00
2026-10-10T010329Z,C-US,FRED,DCPF3M,2026-08-31,2026-10-07,2026-10-07,,%,missing_at_source,2026-10-10T01:03:28.241427+00:00
2026-10-10T010329Z,C-US,FRED,DCPF3M,2026-09-01,2026-10-07,2026-10-07,3.85,%,ok,2026-10-10T01:03:28.241427+00:00
2026-10-10T010329Z,C-US,FRED,DCPF3M,2026-09-02,2026-10-07,2026-10-07,3.81,%,ok,2026-10-10T01:03:28.241427+00:00
2026-10-10T010329Z,C-US,FRED,DCPF3M,2026-09-03,2026-10-07,2026-10-07,,%,missing_at_source,2026-10-10T01:03:28.241427+00:00
2026-10-10T010329Z,C-US,FRED,DCPF3M,2026-09-04,2026-10-07,2026-10-07,3.83,%,ok,2026-10-10T01:03:28.241427+00:00
2026-10-10T010329Z,C-US,FRED,DCPF3M,2026-09-07,2026-10-07,2026-10-07,,%,missing_at_source,2026-10-10T01:03:28.241427+00:00
2026-10-10T010329Z,C-US,FRED,DCPF3M,2026-09-08,2026-10-07,2026-10-07,3.81,%,ok,2026-10-10T01:03:28.241427+00:00
2026-10-10T010329Z,C-US,FRED,DCPF3M,2026-09-09,2026-10-07,2026-10-07,3.84,%,ok,2026-10-10T01:03:28.241427+00:00
2026-10-10T010329Z,C-US,FRED,DCPF3M,2026-09-10,2026-10-07,2026-10-07,3.94,%,ok,2026-10-10T01:03:28.241427+00:00
2026-10-10T010329Z,C-US,FRED,DCPF3M,2026-09-11,2026-10-07,2026-10-07,3.9,%,ok,2026-10-10T01:03:28.241427+00:00
2026-10-10T010329Z,C-US,FRED,DCPF3M,2026-09-14,2026-10-07,2026-10-07,,%,missing_at_source,2026-10-10T01:03:28.241427+00:00
2026-10-10T010329Z,C-US,FRED,DCPF3M,2026-09-15,2026-10-07,2026-10-07,,%,missing_at_source,2026-10-10T01:03:28.241427+00:00
2026-10-10T010329Z,C-US,FRED,DCPF3M,2026-09-16,2026-10-07,2026-10-07,,%,missing_at_source,2026-10-10T01:03:28.241427+00:00
2026-10-10T010329Z,C-US,FRED,DCPF3M,2026-09-17,2026-10-07,2026-10-07,,%,missing_at_source,2026-10-10T01:03:28.241427+00:00
2026-10-10T010329Z,C-US,FRED,DCPF3M,2026-09-18,2026-10-07,2026-10-07,,%,missing_at_source,2026-10-10T01:03:28.241427+00:00
2026-10-10T010329Z,C-US,FRED,DCPF3M,2026-09-21,2026-10-07,2026-10-07,4.07,%,ok,2026-10-10T01:03:28.241427+00:00
2026-10-10T010329Z,C-US,FRED,DCPF3M,2026-09-22,2026-10-07,2026-10-07,,%,missing_at_source,2026-10-10T01:03:28.241427+00:00
2026-10-10T010329Z,C-US,FRED,DCPF3M,2026-09-23,2026-10-07,2026-10-07,,%,missing_at_source,2026-10-10T01:03:28.241427+00:00
2026-10-10T010329Z,C-US,FRED,DCPF3M,2026-09-24,2026-10-07,2026-10-07,4.08,%,ok,2026-10-10T01:03:28.241427+00:00
2026-10-10T010329Z,C-US,FRED,DCPF3M,2026-09-25,2026-10-07,2026-10-07,,%,missing_at_source,2026-10-10T01:03:28.241427+00:00
2026-10-10T010329Z,C-US,FRED,DCPF3M,2026-09-28,2026-10-07,2026-10-07,4.15,%,ok,2026-10-10T01:03:28.241427+00:00
2026-10-10T010329Z,C-US,FRED,DCPF3M,2026-09-29,2026-10-07,2026-10-07,4.07,%,ok,2026-10-10T01:03:28.241427+00:00
2026-10-10T010329Z,C-US,FRED,DCPF3M,2026-09-30,2026-10-07,2026-10-07,,%,missing_at_source,2026-10-10T01:03:28.241427+00:00
2026-10-10T010329Z,C-US,FRED,DCPF3M,2026-10-01,2026-10-07,2026-10-07,4.16,%,ok,2026-10-10T01:03:28.241427+00:00
2026-10-10T010329Z,C-US,FRED,DCPF3M,2026-10-02,2026-10-07,2026-10-07,,%,missing_at_source,2026-10-10T01:03:28.241427+00:00
2026-10-10T010329Z,C-US,FRED,DCPF3M,2026-10-05,2026-10-07,2026-10-07,4.08,%,ok,2026-10-10T01:03:28.241427+00:00
2026-10-10T010329Z,C-US,FRED,DCPF3M,2026-10-06,2026-10-07,2026-10-07,4.07,%,ok,2026-10-10T01:03:28.241427+00:00
2026-10-10T010329Z,C-US,FRED,DTB3,2025-10-07,2026-10-09,2026-10-09,3.85,%,ok,2026-10-10T01:03:28.632319+00:00
2026-10-10T010329Z,C-US,FRED,DTB3,2025-10-08,2026-10-09,2026-10-09,3.85,%,ok,2026-10-10T01:03:28.632319+00:00
2026-10-10T010329Z,C-US,FRED,DTB3,2025-10-09,2026-10-09,2026-10-09,3.87,%,ok,2026-10-10T01:03:28.632319+00:00
2026-10-10T010329Z,C-US,FRED,DTB3,2025-10-10,2026-10-09,2026-10-09,3.86,%,ok,2026-10-10T01:03:28.632319+00:00
2026-10-10T010329Z,C-US,FRED,DTB3,2025-10-13,2026-10-09,2026-10-09,,%,missing_at_source,2026-10-10T01:03:28.632319+00:00
2026-10-10T010329Z,C-US,FRED,DTB3,2025-10-14,2026-10-09,2026-10-09,3.85,%,ok,2026-10-10T01:03:28.632319+00:00
2026-10-10T010329Z,C-US,FRED,DTB3,2025-10-15,2026-10-09,2026-10-09,3.87,%,ok,2026-10-10T01:03:28.632319+00:00
2026-10-10T010329Z,C-US,FRED,DTB3,2025-10-16,2026-10-09,2026-10-09,3.86,%,ok,2026-10-10T01:03:28.632319+00:00
2026-10-10T010329Z,C-US,FRED,DTB3,2025-10-17,2026-10-09,2026-10-09,3.84,%,ok,2026-10-10T01:03:28.632319+00:00
2026-10-10T010329Z,C-US,FRED,DTB3,2025-10-20,2026-10-09,2026-10-09,3.81,%,ok,2026-10-10T01:03:28.632319+00:00
2026-10-10T010329Z,C-US,FRED,DTB3,2025-10-21,2026-10-09,2026-10-09,3.8,%,ok,2026-10-10T01:03:28.632319+00:00
2026-10-10T010329Z,C-US,FRED,DTB3,2025-10-22,2026-10-09,2026-10-09,3.8,%,ok,2026-10-10T01:03:28.632319+00:00
2026-10-10T010329Z,C-US,FRED,DTB3,2025-10-23,2026-10-09,2026-10-09,3.8,%,ok,2026-10-10T01:03:28.632319+00:00
2026-10-10T010329Z,C-US,FRED,DTB3,2025-10-24,2026-10-09,2026-10-09,3.77,%,ok,2026-10-10T01:03:28.632319+00:00
2026-10-10T010329Z,C-US,FRED,DTB3,2025-10-27,2026-10-09,2026-10-09,3.73,%,ok,2026-10-10T01:03:28.632319+00:00
2026-10-10T010329Z,C-US,FRED,DTB3,2025-10-28,2026-10-09,2026-10-09,3.73,%,ok,2026-10-10T01:03:28.632319+00:00
2026-10-10T010329Z,C-US,FRED,DTB3,2025-10-29,2026-10-09,2026-10-09,3.77,%,ok,2026-10-10T01:03:28.632319+00:00
2026-10-10T010329Z,C-US,FRED,DTB3,2025-10-30,2026-10-09,2026-10-09,3.76,%,ok,2026-10-10T01:03:28.632319+00:00
2026-10-10T010329Z,C-US,FRED,DTB3,2025-10-31,2026-10-09,2026-10-09,3.73,%,ok,2026-10-10T01:03:28.632319+00:00
2026-10-10T010329Z,C-US,FRED,DTB3,2025-11-03,2026-10-09,2026-10-09,3.82,%,ok,2026-10-10T01:03:28.632319+00:00
2026-10-10T010329Z,C-US,FRED,DTB3,2025-11-04,2026-10-09,2026-10-09,3.8,%,ok,2026-10-10T01:03:28.632319+00:00
2026-10-10T010329Z,C-US,FRED,DTB3,2025-11-05,2026-10-09,2026-10-09,3.8,%,ok,2026-10-10T01:03:28.632319+00:00
2026-10-10T010329Z,C-US,FRED,DTB3,2025-11-06,2026-10-09,2026-10-09,3.77,%,ok,2026-10-10T01:03:28.632319+00:00
2026-10-10T010329Z,C-US,FRED,DTB3,2025-11-07,2026-10-09,2026-10-09,3.77,%,ok,2026-10-10T01:03:28.632319+00:00
2026-10-10T010329Z,C-US,FRED,DTB3,2025-11-10,2026-10-09,2026-10-09,3.79,%,ok,2026-10-10T01:03:28.632319+00:00
2026-10-10T010329Z,C-US,FRED,DTB3,2025-11-11,2026-10-09,2026-10-09,,%,missing_at_source,2026-10-10T01:03:28.632319+00:00
2026-10-10T010329Z,C-US,FRED,DTB3,2025-11-12,2026-10-09,2026-10-09,3.79,%,ok,2026-10-10T01:03:28.632319+00:00
2026-10-10T010329Z,C-US,FRED,DTB3,2025-11-13,2026-10-09,2026-10-09,3.8,%,ok,2026-10-10T01:03:28.632319+00:00
2026-10-10T010329Z,C-US,FRED,DTB3,2025-11-14,2026-10-09,2026-10-09,3.8,%,ok,2026-10-10T01:03:28.632319+00:00
2026-10-10T010329Z,C-US,FRED,DTB3,2025-11-17,2026-10-09,2026-10-09,3.8,%,ok,2026-10-10T01:03:28.632319+00:00
2026-10-10T010329Z,C-US,FRED,DTB3,2025-11-18,2026-10-09,2026-10-09,3.78,%,ok,2026-10-10T01:03:28.632319+00:00
2026-10-10T010329Z,C-US,FRED,DTB3,2025-11-19,2026-10-09,2026-10-09,3.79,%,ok,2026-10-10T01:03:28.632319+00:00
2026-10-10T010329Z,C-US,FRED,DTB3,2025-11-20,2026-10-09,2026-10-09,3.78,%,ok,2026-10-10T01:03:28.632319+00:00
2026-10-10T010329Z,C-US,FRED,DTB3,2025-11-21,2026-10-09,2026-10-09,3.75,%,ok,2026-10-10T01:03:28.632319+00:00
2026-10-10T010329Z,C-US,FRED,DTB3,2025-11-24,2026-10-09,2026-10-09,3.75,%,ok,2026-10-10T01:03:28.632319+00:00
2026-10-10T010329Z,C-US,FRED,DTB3,2025-11-25,2026-10-09,2026-10-09,3.74,%,ok,2026-10-10T01:03:28.632319+00:00
2026-10-10T010329Z,C-US,FRED,DTB3,2025-11-26,2026-10-09,2026-10-09,3.76,%,ok,2026-10-10T01:03:28.632319+00:00
2026-10-10T010329Z,C-US,FRED,DTB3,2025-11-27,2026-10-09,2026-10-09,,%,missing_at_source,2026-10-10T01:03:28.632319+00:00
2026-10-10T010329Z,C-US,FRED,DTB3,2025-11-28,2026-10-09,2026-10-09,3.73,%,ok,2026-10-10T01:03:28.632319+00:00
2026-10-10T010329Z,C-US,FRED,DTB3,2025-12-01,2026-10-09,2026-10-09,3.71,%,ok,2026-10-10T01:03:28.632319+00:00
2026-10-10T010329Z,C-US,FRED,DTB3,2025-12-02,2026-10-09,2026-10-09,3.68,%,ok,2026-10-10T01:03:28.632319+00:00
2026-10-10T010329Z,C-US,FRED,DTB3,2025-12-03,2026-10-09,2026-10-09,3.64,%,ok,2026-10-10T01:03:28.632319+00:00
2026-10-10T010329Z,C-US,FRED,DTB3,2025-12-04,2026-10-09,2026-10-09,3.63,%,ok,2026-10-10T01:03:28.632319+00:00
2026-10-10T010329Z,C-US,FRED,DTB3,2025-12-05,2026-10-09,2026-10-09,3.62,%,ok,2026-10-10T01:03:28.632319+00:00
2026-10-10T010329Z,C-US,FRED,DTB3,2025-12-08,2026-10-09,2026-10-09,3.64,%,ok,2026-10-10T01:03:28.632319+00:00
2026-10-10T010329Z,C-US,FRED,DTB3,2025-12-09,2026-10-09,2026-10-09,3.64,%,ok,2026-10-10T01:03:28.632319+00:00
2026-10-10T010329Z,C-US,FRED,DTB3,2025-12-10,2026-10-09,2026-10-09,3.6,%,ok,2026-10-10T01:03:28.632319+00:00
2026-10-10T010329Z,C-US,FRED,DTB3,2025-12-11,2026-10-09,2026-10-09,3.58,%,ok,2026-10-10T01:03:28.632319+00:00
2026-10-10T010329Z,C-US,FRED,DTB3,2025-12-12,2026-10-09,2026-10-09,3.54,%,ok,2026-10-10T01:03:28.632319+00:00
2026-10-10T010329Z,C-US,FRED,DTB3,2025-12-15,2026-10-09,2026-10-09,3.56,%,ok,2026-10-10T01:03:28.632319+00:00
2026-10-10T010329Z,C-US,FRED,DTB3,2025-12-16,2026-10-09,2026-10-09,3.56,%,ok,2026-10-10T01:03:28.632319+00:00
2026-10-10T010329Z,C-US,FRED,DTB3,2025-12-17,2026-10-09,2026-10-09,3.55,%,ok,2026-10-10T01:03:28.632319+00:00
2026-10-10T010329Z,C-US,FRED,DTB3,2025-12-18,2026-10-09,2026-10-09,3.53,%,ok,2026-10-10T01:03:28.632319+00:00
2026-10-10T010329Z,C-US,FRED,DTB3,2025-12-19,2026-10-09,2026-10-09,3.54,%,ok,2026-10-10T01:03:28.632319+00:00
2026-10-10T010329Z,C-US,FRED,DTB3,2025-12-22,2026-10-09,2026-10-09,3.56,%,ok,2026-10-10T01:03:28.632319+00:00
2026-10-10T010329Z,C-US,FRED,DTB3,2025-12-23,2026-10-09,2026-10-09,3.56,%,ok,2026-10-10T01:03:28.632319+00:00
2026-10-10T010329Z,C-US,FRED,DTB3,2025-12-24,2026-10-09,2026-10-09,3.6,%,ok,2026-10-10T01:03:28.632319+00:00
2026-10-10T010329Z,C-US,FRED,DTB3,2025-12-25,2026-10-09,2026-10-09,,%,missing_at_source,2026-10-10T01:03:28.632319+00:00
2026-10-10T010329Z,C-US,FRED,DTB3,2025-12-26,2026-10-09,2026-10-09,3.56,%,ok,2026-10-10T01:03:28.632319+00:00
2026-10-10T010329Z,C-US,FRED,DTB3,2025-12-29,2026-10-09,2026-10-09,3.57,%,ok,2026-10-10T01:03:28.632319+00:00
2026-10-10T010329Z,C-US,FRED,DTB3,2025-12-30,2026-10-09,2026-10-09,3.55,%,ok,2026-10-10T01:03:28.632319+00:00
2026-10-10T010329Z,C-US,FRED,DTB3,2025-12-31,2026-10-09,2026-10-09,3.57,%,ok,2026-10-10T01:03:28.632319+00:00
2026-10-10T010329Z,C-US,FRED,DTB3,2026-01-01,2026-10-09,2026-10-09,,%,missing_at_source,2026-10-10T01:03:28.632319+00:00
2026-10-10T010329Z,C-US,FRED,DTB3,2026-01-02,2026-10-09,2026-10-09,3.54,%,ok,2026-10-10T01:03:28.632319+00:00
2026-10-10T010329Z,C-US,FRED,DTB3,2026-01-05,2026-10-09,2026-10-09,3.54,%,ok,2026-10-10T01:03:28.632319+00:00
2026-10-10T010329Z,C-US,FRED,DTB3,2026-01-06,2026-10-09,2026-10-09,3.53,%,ok,2026-10-10T01:03:28.632319+00:00
2026-10-10T010329Z,C-US,FRED,DTB3,2026-01-07,2026-10-09,2026-10-09,3.52,%,ok,2026-10-10T01:03:28.632319+00:00
2026-10-10T010329Z,C-US,FRED,DTB3,2026-01-08,2026-10-09,2026-10-09,3.52,%,ok,2026-10-10T01:03:28.632319+00:00
2026-10-10T010329Z,C-US,FRED,DTB3,2026-01-09,2026-10-09,2026-10-09,3.52,%,ok,2026-10-10T01:03:28.632319+00:00
2026-10-10T010329Z,C-US,FRED,DTB3,2026-01-12,2026-10-09,2026-10-09,3.56,%,ok,2026-10-10T01:03:28.632319+00:00
2026-10-10T010329Z,C-US,FRED,DTB3,2026-01-13,2026-10-09,2026-10-09,3.57,%,ok,2026-10-10T01:03:28.632319+00:00
2026-10-10T010329Z,C-US,FRED,DTB3,2026-01-14,2026-10-09,2026-10-09,3.57,%,ok,2026-10-10T01:03:28.632319+00:00
2026-10-10T010329Z,C-US,FRED,DTB3,2026-01-15,2026-10-09,2026-10-09,3.57,%,ok,2026-10-10T01:03:28.632319+00:00
2026-10-10T010329Z,C-US,FRED,DTB3,2026-01-16,2026-10-09,2026-10-09,3.57,%,ok,2026-10-10T01:03:28.632319+00:00
2026-10-10T010329Z,C-US,FRED,DTB3,2026-01-19,2026-10-09,2026-10-09,,%,missing_at_source,2026-10-10T01:03:28.632319+00:00
2026-10-10T010329Z,C-US,FRED,DTB3,2026-01-20,2026-10-09,2026-10-09,3.59,%,ok,2026-10-10T01:03:28.632319+00:00
2026-10-10T010329Z,C-US,FRED,DTB3,2026-01-21,2026-10-09,2026-10-09,3.59,%,ok,2026-10-10T01:03:28.632319+00:00
2026-10-10T010329Z,C-US,FRED,DTB3,2026-01-22,2026-10-09,2026-10-09,3.6,%,ok,2026-10-10T01:03:28.632319+00:00
2026-10-10T010329Z,C-US,FRED,DTB3,2026-01-23,2026-10-09,2026-10-09,3.59,%,ok,2026-10-10T01:03:28.632319+00:00
2026-10-10T010329Z,C-US,FRED,DTB3,2026-01-26,2026-10-09,2026-10-09,3.59,%,ok,2026-10-10T01:03:28.632319+00:00
2026-10-10T010329Z,C-US,FRED,DTB3,2026-01-27,2026-10-09,2026-10-09,3.58,%,ok,2026-10-10T01:03:28.632319+00:00
2026-10-10T010329Z,C-US,FRED,DTB3,2026-01-28,2026-10-09,2026-10-09,3.59,%,ok,2026-10-10T01:03:28.632319+00:00
2026-10-10T010329Z,C-US,FRED,DTB3,2026-01-29,2026-10-09,2026-10-09,3.59,%,ok,2026-10-10T01:03:28.632319+00:00
2026-10-10T010329Z,C-US,FRED,DTB3,2026-01-30,2026-10-09,2026-10-09,3.58,%,ok,2026-10-10T01:03:28.632319+00:00
2026-10-10T010329Z,C-US,FRED,DTB3,2026-02-02,2026-10-09,2026-10-09,3.6,%,ok,2026-10-10T01:03:28.632319+00:00
2026-10-10T010329Z,C-US,FRED,DTB3,2026-02-03,2026-10-09,2026-10-09,3.6,%,ok,2026-10-10T01:03:28.632319+00:00
2026-10-10T010329Z,C-US,FRED,DTB3,2026-02-04,2026-10-09,2026-10-09,3.6,%,ok,2026-10-10T01:03:28.632319+00:00
2026-10-10T010329Z,C-US,FRED,DTB3,2026-02-05,2026-10-09,2026-10-09,3.59,%,ok,2026-10-10T01:03:28.632319+00:00
2026-10-10T010329Z,C-US,FRED,DTB3,2026-02-06,2026-10-09,2026-10-09,3.6,%,ok,2026-10-10T01:03:28.632319+00:00
2026-10-10T010329Z,C-US,FRED,DTB3,2026-02-09,2026-10-09,2026-10-09,3.6,%,ok,2026-10-10T01:03:28.632319+00:00
2026-10-10T010329Z,C-US,FRED,DTB3,2026-02-10,2026-10-09,2026-10-09,3.6,%,ok,2026-10-10T01:03:28.632319+00:00
2026-10-10T010329Z,C-US,FRED,DTB3,2026-02-11,2026-10-09,2026-10-09,3.61,%,ok,2026-10-10T01:03:28.632319+00:00
2026-10-10T010329Z,C-US,FRED,DTB3,2026-02-12,2026-10-09,2026-10-09,3.61,%,ok,2026-10-10T01:03:28.632319+00:00
2026-10-10T010329Z,C-US,FRED,DTB3,2026-02-13,2026-10-09,2026-10-09,3.6,%,ok,2026-10-10T01:03:28.632319+00:00
2026-10-10T010329Z,C-US,FRED,DTB3,2026-02-16,2026-10-09,2026-10-09,,%,missing_at_source,2026-10-10T01:03:28.632319+00:00
2026-10-10T010329Z,C-US,FRED,DTB3,2026-02-17,2026-10-09,2026-10-09,3.61,%,ok,2026-10-10T01:03:28.632319+00:00
2026-10-10T010329Z,C-US,FRED,DTB3,2026-02-18,2026-10-09,2026-10-09,3.61,%,ok,2026-10-10T01:03:28.632319+00:00
2026-10-10T010329Z,C-US,FRED,DTB3,2026-02-19,2026-10-09,2026-10-09,3.61,%,ok,2026-10-10T01:03:28.632319+00:00
2026-10-10T010329Z,C-US,FRED,DTB3,2026-02-20,2026-10-09,2026-10-09,3.6,%,ok,2026-10-10T01:03:28.632319+00:00
2026-10-10T010329Z,C-US,FRED,DTB3,2026-02-23,2026-10-09,2026-10-09,3.6,%,ok,2026-10-10T01:03:28.632319+00:00
2026-10-10T010329Z,C-US,FRED,DTB3,2026-02-24,2026-10-09,2026-10-09,3.6,%,ok,2026-10-10T01:03:28.632319+00:00
2026-10-10T010329Z,C-US,FRED,DTB3,2026-02-25,2026-10-09,2026-10-09,3.6,%,ok,2026-10-10T01:03:28.632319+00:00
2026-10-10T010329Z,C-US,FRED,DTB3,2026-02-26,2026-10-09,2026-10-09,3.6,%,ok,2026-10-10T01:03:28.632319+00:00
2026-10-10T010329Z,C-US,FRED,DTB3,2026-02-27,2026-10-09,2026-10-09,3.59,%,ok,2026-10-10T01:03:28.632319+00:00
2026-10-10T010329Z,C-US,FRED,DTB3,2026-03-02,2026-10-09,2026-10-09,3.61,%,ok,2026-10-10T01:03:28.632319+00:00
2026-10-10T010329Z,C-US,FRED,DTB3,2026-03-03,2026-10-09,2026-10-09,3.6,%,ok,2026-10-10T01:03:28.632319+00:00
2026-10-10T010329Z,C-US,FRED,DTB3,2026-03-04,2026-10-09,2026-10-09,3.6,%,ok,2026-10-10T01:03:28.632319+00:00
2026-10-10T010329Z,C-US,FRED,DTB3,2026-03-05,2026-10-09,2026-10-09,3.59,%,ok,2026-10-10T01:03:28.632319+00:00
2026-10-10T010329Z,C-US,FRED,DTB3,2026-03-06,2026-10-09,2026-10-09,3.58,%,ok,2026-10-10T01:03:28.632319+00:00
2026-10-10T010329Z,C-US,FRED,DTB3,2026-03-09,2026-10-09,2026-10-09,3.61,%,ok,2026-10-10T01:03:28.632319+00:00
2026-10-10T010329Z,C-US,FRED,DTB3,2026-03-10,2026-10-09,2026-10-09,3.6,%,ok,2026-10-10T01:03:28.632319+00:00
2026-10-10T010329Z,C-US,FRED,DTB3,2026-03-11,2026-10-09,2026-10-09,3.61,%,ok,2026-10-10T01:03:28.632319+00:00
2026-10-10T010329Z,C-US,FRED,DTB3,2026-03-12,2026-10-09,2026-10-09,3.61,%,ok,2026-10-10T01:03:28.632319+00:00
2026-10-10T010329Z,C-US,FRED,DTB3,2026-03-13,2026-10-09,2026-10-09,3.61,%,ok,2026-10-10T01:03:28.632319+00:00
2026-10-10T010329Z,C-US,FRED,DTB3,2026-03-16,2026-10-09,2026-10-09,3.61,%,ok,2026-10-10T01:03:28.632319+00:00
2026-10-10T010329Z,C-US,FRED,DTB3,2026-03-17,2026-10-09,2026-10-09,3.61,%,ok,2026-10-10T01:03:28.632319+00:00
2026-10-10T010329Z,C-US,FRED,DTB3,2026-03-18,2026-10-09,2026-10-09,3.62,%,ok,2026-10-10T01:03:28.632319+00:00
2026-10-10T010329Z,C-US,FRED,DTB3,2026-03-19,2026-10-09,2026-10-09,3.62,%,ok,2026-10-10T01:03:28.632319+00:00
2026-10-10T010329Z,C-US,FRED,DTB3,2026-03-20,2026-10-09,2026-10-09,3.63,%,ok,2026-10-10T01:03:28.632319+00:00
2026-10-10T010329Z,C-US,FRED,DTB3,2026-03-23,2026-10-09,2026-10-09,3.63,%,ok,2026-10-10T01:03:28.632319+00:00
2026-10-10T010329Z,C-US,FRED,DTB3,2026-03-24,2026-10-09,2026-10-09,3.63,%,ok,2026-10-10T01:03:28.632319+00:00
2026-10-10T010329Z,C-US,FRED,DTB3,2026-03-25,2026-10-09,2026-10-09,3.63,%,ok,2026-10-10T01:03:28.632319+00:00
2026-10-10T010329Z,C-US,FRED,DTB3,2026-03-26,2026-10-09,2026-10-09,3.63,%,ok,2026-10-10T01:03:28.632319+00:00
2026-10-10T010329Z,C-US,FRED,DTB3,2026-03-27,2026-10-09,2026-10-09,3.62,%,ok,2026-10-10T01:03:28.632319+00:00
2026-10-10T010329Z,C-US,FRED,DTB3,2026-03-30,2026-10-09,2026-10-09,3.62,%,ok,2026-10-10T01:03:28.632319+00:00
2026-10-10T010329Z,C-US,FRED,DTB3,2026-03-31,2026-10-09,2026-10-09,3.61,%,ok,2026-10-10T01:03:28.632319+00:00
2026-10-10T010329Z,C-US,FRED,DTB3,2026-04-01,2026-10-09,2026-10-09,3.61,%,ok,2026-10-10T01:03:28.632319+00:00
2026-10-10T010329Z,C-US,FRED,DTB3,2026-04-02,2026-10-09,2026-10-09,3.61,%,ok,2026-10-10T01:03:28.632319+00:00
2026-10-10T010329Z,C-US,FRED,DTB3,2026-04-03,2026-10-09,2026-10-09,3.62,%,ok,2026-10-10T01:03:28.632319+00:00
2026-10-10T010329Z,C-US,FRED,DTB3,2026-04-06,2026-10-09,2026-10-09,3.64,%,ok,2026-10-10T01:03:28.632319+00:00
2026-10-10T010329Z,C-US,FRED,DTB3,2026-04-07,2026-10-09,2026-10-09,3.62,%,ok,2026-10-10T01:03:28.632319+00:00
2026-10-10T010329Z,C-US,FRED,DTB3,2026-04-08,2026-10-09,2026-10-09,3.61,%,ok,2026-10-10T01:03:28.632319+00:00
2026-10-10T010329Z,C-US,FRED,DTB3,2026-04-09,2026-10-09,2026-10-09,3.6,%,ok,2026-10-10T01:03:28.632319+00:00
2026-10-10T010329Z,C-US,FRED,DTB3,2026-04-10,2026-10-09,2026-10-09,3.6,%,ok,2026-10-10T01:03:28.632319+00:00
2026-10-10T010329Z,C-US,FRED,DTB3,2026-04-13,2026-10-09,2026-10-09,3.62,%,ok,2026-10-10T01:03:28.632319+00:00
2026-10-10T010329Z,C-US,FRED,DTB3,2026-04-14,2026-10-09,2026-10-09,3.62,%,ok,2026-10-10T01:03:28.632319+00:00
2026-10-10T010329Z,C-US,FRED,DTB3,2026-04-15,2026-10-09,2026-10-09,3.62,%,ok,2026-10-10T01:03:28.632319+00:00
2026-10-10T010329Z,C-US,FRED,DTB3,2026-04-16,2026-10-09,2026-10-09,3.62,%,ok,2026-10-10T01:03:28.632319+00:00
2026-10-10T010329Z,C-US,FRED,DTB3,2026-04-17,2026-10-09,2026-10-09,3.61,%,ok,2026-10-10T01:03:28.632319+00:00
2026-10-10T010329Z,C-US,FRED,DTB3,2026-04-20,2026-10-09,2026-10-09,3.62,%,ok,2026-10-10T01:03:28.632319+00:00
2026-10-10T010329Z,C-US,FRED,DTB3,2026-04-21,2026-10-09,2026-10-09,3.6,%,ok,2026-10-10T01:03:28.632319+00:00
2026-10-10T010329Z,C-US,FRED,DTB3,2026-04-22,2026-10-09,2026-10-09,3.6,%,ok,2026-10-10T01:03:28.632319+00:00
2026-10-10T010329Z,C-US,FRED,DTB3,2026-04-23,2026-10-09,2026-10-09,3.6,%,ok,2026-10-10T01:03:28.632319+00:00
2026-10-10T010329Z,C-US,FRED,DTB3,2026-04-24,2026-10-09,2026-10-09,3.6,%,ok,2026-10-10T01:03:28.632319+00:00
2026-10-10T010329Z,C-US,FRED,DTB3,2026-04-27,2026-10-09,2026-10-09,3.6,%,ok,2026-10-10T01:03:28.632319+00:00
2026-10-10T010329Z,C-US,FRED,DTB3,2026-04-28,2026-10-09,2026-10-09,3.6,%,ok,2026-10-10T01:03:28.632319+00:00
2026-10-10T010329Z,C-US,FRED,DTB3,2026-04-29,2026-10-09,2026-10-09,3.6,%,ok,2026-10-10T01:03:28.632319+00:00
2026-10-10T010329Z,C-US,FRED,DTB3,2026-04-30,2026-10-09,2026-10-09,3.59,%,ok,2026-10-10T01:03:28.632319+00:00
2026-10-10T010329Z,C-US,FRED,DTB3,2026-05-01,2026-10-09,2026-10-09,3.59,%,ok,2026-10-10T01:03:28.632319+00:00
2026-10-10T010329Z,C-US,FRED,DTB3,2026-05-04,2026-10-09,2026-10-09,3.61,%,ok,2026-10-10T01:03:28.632319+00:00
2026-10-10T010329Z,C-US,FRED,DTB3,2026-05-05,2026-10-09,2026-10-09,3.61,%,ok,2026-10-10T01:03:28.632319+00:00
2026-10-10T010329Z,C-US,FRED,DTB3,2026-05-06,2026-10-09,2026-10-09,3.61,%,ok,2026-10-10T01:03:28.632319+00:00
2026-10-10T010329Z,C-US,FRED,DTB3,2026-05-07,2026-10-09,2026-10-09,3.61,%,ok,2026-10-10T01:03:28.632319+00:00
2026-10-10T010329Z,C-US,FRED,DTB3,2026-05-08,2026-10-09,2026-10-09,3.6,%,ok,2026-10-10T01:03:28.632319+00:00
2026-10-10T010329Z,C-US,FRED,DTB3,2026-05-11,2026-10-09,2026-10-09,3.61,%,ok,2026-10-10T01:03:28.632319+00:00
2026-10-10T010329Z,C-US,FRED,DTB3,2026-05-12,2026-10-09,2026-10-09,3.61,%,ok,2026-10-10T01:03:28.632319+00:00
2026-10-10T010329Z,C-US,FRED,DTB3,2026-05-13,2026-10-09,2026-10-09,3.61,%,ok,2026-10-10T01:03:28.632319+00:00
2026-10-10T010329Z,C-US,FRED,DTB3,2026-05-14,2026-10-09,2026-10-09,3.6,%,ok,2026-10-10T01:03:28.632319+00:00
2026-10-10T010329Z,C-US,FRED,DTB3,2026-05-15,2026-10-09,2026-10-09,3.6,%,ok,2026-10-10T01:03:28.632319+00:00
2026-10-10T010329Z,C-US,FRED,DTB3,2026-05-18,2026-10-09,2026-10-09,3.6,%,ok,2026-10-10T01:03:28.632319+00:00
2026-10-10T010329Z,C-US,FRED,DTB3,2026-05-19,2026-10-09,2026-10-09,3.59,%,ok,2026-10-10T01:03:28.632319+00:00
2026-10-10T010329Z,C-US,FRED,DTB3,2026-05-20,2026-10-09,2026-10-09,3.57,%,ok,2026-10-10T01:03:28.632319+00:00
2026-10-10T010329Z,C-US,FRED,DTB3,2026-05-21,2026-10-09,2026-10-09,3.59,%,ok,2026-10-10T01:03:28.632319+00:00
2026-10-10T010329Z,C-US,FRED,DTB3,2026-05-22,2026-10-09,2026-10-09,3.59,%,ok,2026-10-10T01:03:28.632319+00:00
2026-10-10T010329Z,C-US,FRED,DTB3,2026-05-25,2026-10-09,2026-10-09,,%,missing_at_source,2026-10-10T01:03:28.632319+00:00
2026-10-10T010329Z,C-US,FRED,DTB3,2026-05-26,2026-10-09,2026-10-09,3.6,%,ok,2026-10-10T01:03:28.632319+00:00
2026-10-10T010329Z,C-US,FRED,DTB3,2026-05-27,2026-10-09,2026-10-09,3.59,%,ok,2026-10-10T01:03:28.632319+00:00
2026-10-10T010329Z,C-US,FRED,DTB3,2026-05-28,2026-10-09,2026-10-09,3.6,%,ok,2026-10-10T01:03:28.632319+00:00
2026-10-10T010329Z,C-US,FRED,DTB3,2026-05-29,2026-10-09,2026-10-09,3.6,%,ok,2026-10-10T01:03:28.632319+00:00
2026-10-10T010329Z,C-US,FRED,DTB3,2026-06-01,2026-10-09,2026-10-09,3.63,%,ok,2026-10-10T01:03:28.632319+00:00
2026-10-10T010329Z,C-US,FRED,DTB3,2026-06-02,2026-10-09,2026-10-09,3.63,%,ok,2026-10-10T01:03:28.632319+00:00
2026-10-10T010329Z,C-US,FRED,DTB3,2026-06-03,2026-10-09,2026-10-09,3.63,%,ok,2026-10-10T01:03:28.632319+00:00
2026-10-10T010329Z,C-US,FRED,DTB3,2026-06-04,2026-10-09,2026-10-09,3.63,%,ok,2026-10-10T01:03:28.632319+00:00
2026-10-10T010329Z,C-US,FRED,DTB3,2026-06-05,2026-10-09,2026-10-09,3.63,%,ok,2026-10-10T01:03:28.632319+00:00
2026-10-10T010329Z,C-US,FRED,DTB3,2026-06-08,2026-10-09,2026-10-09,3.65,%,ok,2026-10-10T01:03:28.632319+00:00
2026-10-10T010329Z,C-US,FRED,DTB3,2026-06-09,2026-10-09,2026-10-09,3.64,%,ok,2026-10-10T01:03:28.632319+00:00
2026-10-10T010329Z,C-US,FRED,DTB3,2026-06-10,2026-10-09,2026-10-09,3.64,%,ok,2026-10-10T01:03:28.632319+00:00
2026-10-10T010329Z,C-US,FRED,DTB3,2026-06-11,2026-10-09,2026-10-09,3.63,%,ok,2026-10-10T01:03:28.632319+00:00
2026-10-10T010329Z,C-US,FRED,DTB3,2026-06-12,2026-10-09,2026-10-09,3.63,%,ok,2026-10-10T01:03:28.632319+00:00
2026-10-10T010329Z,C-US,FRED,DTB3,2026-06-15,2026-10-09,2026-10-09,3.64,%,ok,2026-10-10T01:03:28.632319+00:00
2026-10-10T010329Z,C-US,FRED,DTB3,2026-06-16,2026-10-09,2026-10-09,3.64,%,ok,2026-10-10T01:03:28.632319+00:00
2026-10-10T010329Z,C-US,FRED,DTB3,2026-06-17,2026-10-09,2026-10-09,3.68,%,ok,2026-10-10T01:03:28.632319+00:00
2026-10-10T010329Z,C-US,FRED,DTB3,2026-06-18,2026-10-09,2026-10-09,3.67,%,ok,2026-10-10T01:03:28.632319+00:00
2026-10-10T010329Z,C-US,FRED,DTB3,2026-06-19,2026-10-09,2026-10-09,,%,missing_at_source,2026-10-10T01:03:28.632319+00:00
2026-10-10T010329Z,C-US,FRED,DTB3,2026-06-22,2026-10-09,2026-10-09,3.7,%,ok,2026-10-10T01:03:28.632319+00:00
2026-10-10T010329Z,C-US,FRED,DTB3,2026-06-23,2026-10-09,2026-10-09,3.7,%,ok,2026-10-10T01:03:28.632319+00:00
2026-10-10T010329Z,C-US,FRED,DTB3,2026-06-24,2026-10-09,2026-10-09,3.7,%,ok,2026-10-10T01:03:28.632319+00:00
2026-10-10T010329Z,C-US,FRED,DTB3,2026-06-25,2026-10-09,2026-10-09,3.69,%,ok,2026-10-10T01:03:28.632319+00:00
2026-10-10T010329Z,C-US,FRED,DTB3,2026-06-26,2026-10-09,2026-10-09,3.67,%,ok,2026-10-10T01:03:28.632319+00:00
2026-10-10T010329Z,C-US,FRED,DTB3,2026-06-29,2026-10-09,2026-10-09,3.74,%,ok,2026-10-10T01:03:28.632319+00:00
2026-10-10T010329Z,C-US,FRED,DTB3,2026-06-30,2026-10-09,2026-10-09,3.74,%,ok,2026-10-10T01:03:28.632319+00:00
2026-10-10T010329Z,C-US,FRED,DTB3,2026-07-01,2026-10-09,2026-10-09,3.71,%,ok,2026-10-10T01:03:28.632319+00:00
2026-10-10T010329Z,C-US,FRED,DTB3,2026-07-02,2026-10-09,2026-10-09,3.68,%,ok,2026-10-10T01:03:28.632319+00:00
2026-10-10T010329Z,C-US,FRED,DTB3,2026-07-03,2026-10-09,2026-10-09,,%,missing_at_source,2026-10-10T01:03:28.632319+00:00
2026-10-10T010329Z,C-US,FRED,DTB3,2026-07-06,2026-10-09,2026-10-09,3.74,%,ok,2026-10-10T01:03:28.632319+00:00
2026-10-10T010329Z,C-US,FRED,DTB3,2026-07-07,2026-10-09,2026-10-09,3.73,%,ok,2026-10-10T01:03:28.632319+00:00
2026-10-10T010329Z,C-US,FRED,DTB3,2026-07-08,2026-10-09,2026-10-09,3.73,%,ok,2026-10-10T01:03:28.632319+00:00
2026-10-10T010329Z,C-US,FRED,DTB3,2026-07-09,2026-10-09,2026-10-09,3.69,%,ok,2026-10-10T01:03:28.632319+00:00
2026-10-10T010329Z,C-US,FRED,DTB3,2026-07-10,2026-10-09,2026-10-09,3.71,%,ok,2026-10-10T01:03:28.632319+00:00
2026-10-10T010329Z,C-US,FRED,DTB3,2026-07-13,2026-10-09,2026-10-09,3.76,%,ok,2026-10-10T01:03:28.632319+00:00
2026-10-10T010329Z,C-US,FRED,DTB3,2026-07-14,2026-10-09,2026-10-09,3.71,%,ok,2026-10-10T01:03:28.632319+00:00
2026-10-10T010329Z,C-US,FRED,DTB3,2026-07-15,2026-10-09,2026-10-09,3.7,%,ok,2026-10-10T01:03:28.632319+00:00
2026-10-10T010329Z,C-US,FRED,DTB3,2026-07-16,2026-10-09,2026-10-09,3.7,%,ok,2026-10-10T01:03:28.632319+00:00
2026-10-10T010329Z,C-US,FRED,DTB3,2026-07-17,2026-10-09,2026-10-09,3.71,%,ok,2026-10-10T01:03:28.632319+00:00
2026-10-10T010329Z,C-US,FRED,DTB3,2026-07-20,2026-10-09,2026-10-09,3.73,%,ok,2026-10-10T01:03:28.632319+00:00
2026-10-10T010329Z,C-US,FRED,DTB3,2026-07-21,2026-10-09,2026-10-09,3.74,%,ok,2026-10-10T01:03:28.632319+00:00
2026-10-10T010329Z,C-US,FRED,DTB3,2026-07-22,2026-10-09,2026-10-09,3.75,%,ok,2026-10-10T01:03:28.632319+00:00
2026-10-10T010329Z,C-US,FRED,DTB3,2026-07-23,2026-10-09,2026-10-09,3.81,%,ok,2026-10-10T01:03:28.632319+00:00
2026-10-10T010329Z,C-US,FRED,DTB3,2026-07-24,2026-10-09,2026-10-09,3.81,%,ok,2026-10-10T01:03:28.632319+00:00
2026-10-10T010329Z,C-US,FRED,DTB3,2026-07-27,2026-10-09,2026-10-09,3.82,%,ok,2026-10-10T01:03:28.632319+00:00
2026-10-10T010329Z,C-US,FRED,DTB3,2026-07-28,2026-10-09,2026-10-09,3.77,%,ok,2026-10-10T01:03:28.632319+00:00
2026-10-10T010329Z,C-US,FRED,DTB3,2026-07-29,2026-10-09,2026-10-09,3.7,%,ok,2026-10-10T01:03:28.632319+00:00
2026-10-10T010329Z,C-US,FRED,DTB3,2026-07-30,2026-10-09,2026-10-09,3.69,%,ok,2026-10-10T01:03:28.632319+00:00
2026-10-10T010329Z,C-US,FRED,DTB3,2026-07-31,2026-10-09,2026-10-09,3.69,%,ok,2026-10-10T01:03:28.632319+00:00
2026-10-10T010329Z,C-US,FRED,DTB3,2026-08-03,2026-10-09,2026-10-09,3.75,%,ok,2026-10-10T01:03:28.632319+00:00
2026-10-10T010329Z,C-US,FRED,DTB3,2026-08-04,2026-10-09,2026-10-09,3.74,%,ok,2026-10-10T01:03:28.632319+00:00
2026-10-10T010329Z,C-US,FRED,DTB3,2026-08-05,2026-10-09,2026-10-09,3.74,%,ok,2026-10-10T01:03:28.632319+00:00
2026-10-10T010329Z,C-US,FRED,DTB3,2026-08-06,2026-10-09,2026-10-09,3.74,%,ok,2026-10-10T01:03:28.632319+00:00
2026-10-10T010329Z,C-US,FRED,DTB3,2026-08-07,2026-10-09,2026-10-09,3.72,%,ok,2026-10-10T01:03:28.632319+00:00
2026-10-10T010329Z,C-US,FRED,DTB3,2026-08-10,2026-10-09,2026-10-09,3.74,%,ok,2026-10-10T01:03:28.632319+00:00
2026-10-10T010329Z,C-US,FRED,DTB3,2026-08-11,2026-10-09,2026-10-09,3.74,%,ok,2026-10-10T01:03:28.632319+00:00
2026-10-10T010329Z,C-US,FRED,DTB3,2026-08-12,2026-10-09,2026-10-09,3.72,%,ok,2026-10-10T01:03:28.632319+00:00
2026-10-10T010329Z,C-US,FRED,DTB3,2026-08-13,2026-10-09,2026-10-09,3.71,%,ok,2026-10-10T01:03:28.632319+00:00
2026-10-10T010329Z,C-US,FRED,DTB3,2026-08-14,2026-10-09,2026-10-09,3.71,%,ok,2026-10-10T01:03:28.632319+00:00
2026-10-10T010329Z,C-US,FRED,DTB3,2026-08-17,2026-10-09,2026-10-09,3.72,%,ok,2026-10-10T01:03:28.632319+00:00
2026-10-10T010329Z,C-US,FRED,DTB3,2026-08-18,2026-10-09,2026-10-09,3.71,%,ok,2026-10-10T01:03:28.632319+00:00
2026-10-10T010329Z,C-US,FRED,DTB3,2026-08-19,2026-10-09,2026-10-09,3.71,%,ok,2026-10-10T01:03:28.632319+00:00
2026-10-10T010329Z,C-US,FRED,DTB3,2026-08-20,2026-10-09,2026-10-09,3.71,%,ok,2026-10-10T01:03:28.632319+00:00
2026-10-10T010329Z,C-US,FRED,DTB3,2026-08-21,2026-10-09,2026-10-09,3.72,%,ok,2026-10-10T01:03:28.632319+00:00
2026-10-10T010329Z,C-US,FRED,DTB3,2026-08-24,2026-10-09,2026-10-09,3.72,%,ok,2026-10-10T01:03:28.632319+00:00
2026-10-10T010329Z,C-US,FRED,DTB3,2026-08-25,2026-10-09,2026-10-09,3.71,%,ok,2026-10-10T01:03:28.632319+00:00
2026-10-10T010329Z,C-US,FRED,DTB3,2026-08-26,2026-10-09,2026-10-09,3.7,%,ok,2026-10-10T01:03:28.632319+00:00
2026-10-10T010329Z,C-US,FRED,DTB3,2026-08-27,2026-10-09,2026-10-09,3.69,%,ok,2026-10-10T01:03:28.632319+00:00
2026-10-10T010329Z,C-US,FRED,DTB3,2026-08-28,2026-10-09,2026-10-09,3.74,%,ok,2026-10-10T01:03:28.632319+00:00
2026-10-10T010329Z,C-US,FRED,DTB3,2026-08-31,2026-10-09,2026-10-09,3.78,%,ok,2026-10-10T01:03:28.632319+00:00
2026-10-10T010329Z,C-US,FRED,DTB3,2026-09-01,2026-10-09,2026-10-09,3.78,%,ok,2026-10-10T01:03:28.632319+00:00
2026-10-10T010329Z,C-US,FRED,DTB3,2026-09-02,2026-10-09,2026-10-09,3.78,%,ok,2026-10-10T01:03:28.632319+00:00
2026-10-10T010329Z,C-US,FRED,DTB3,2026-09-03,2026-10-09,2026-10-09,3.75,%,ok,2026-10-10T01:03:28.632319+00:00
2026-10-10T010329Z,C-US,FRED,DTB3,2026-09-04,2026-10-09,2026-10-09,3.77,%,ok,2026-10-10T01:03:28.632319+00:00
2026-10-10T010329Z,C-US,FRED,DTB3,2026-09-07,2026-10-09,2026-10-09,,%,missing_at_source,2026-10-10T01:03:28.632319+00:00
2026-10-10T010329Z,C-US,FRED,DTB3,2026-09-08,2026-10-09,2026-10-09,3.8,%,ok,2026-10-10T01:03:28.632319+00:00
2026-10-10T010329Z,C-US,FRED,DTB3,2026-09-09,2026-10-09,2026-10-09,3.81,%,ok,2026-10-10T01:03:28.632319+00:00
2026-10-10T010329Z,C-US,FRED,DTB3,2026-09-10,2026-10-09,2026-10-09,3.86,%,ok,2026-10-10T01:03:28.632319+00:00
2026-10-10T010329Z,C-US,FRED,DTB3,2026-09-11,2026-10-09,2026-10-09,3.92,%,ok,2026-10-10T01:03:28.632319+00:00
2026-10-10T010329Z,C-US,FRED,DTB3,2026-09-14,2026-10-09,2026-10-09,3.97,%,ok,2026-10-10T01:03:28.632319+00:00
2026-10-10T010329Z,C-US,FRED,DTB3,2026-09-15,2026-10-09,2026-10-09,3.97,%,ok,2026-10-10T01:03:28.632319+00:00
2026-10-10T010329Z,C-US,FRED,DTB3,2026-09-16,2026-10-09,2026-10-09,3.99,%,ok,2026-10-10T01:03:28.632319+00:00
2026-10-10T010329Z,C-US,FRED,DTB3,2026-09-17,2026-10-09,2026-10-09,3.97,%,ok,2026-10-10T01:03:28.632319+00:00
2026-10-10T010329Z,C-US,FRED,DTB3,2026-09-18,2026-10-09,2026-10-09,3.99,%,ok,2026-10-10T01:03:28.632319+00:00
2026-10-10T010329Z,C-US,FRED,DTB3,2026-09-21,2026-10-09,2026-10-09,4.02,%,ok,2026-10-10T01:03:28.632319+00:00
2026-10-10T010329Z,C-US,FRED,DTB3,2026-09-22,2026-10-09,2026-10-09,4.01,%,ok,2026-10-10T01:03:28.632319+00:00
2026-10-10T010329Z,C-US,FRED,DTB3,2026-09-23,2026-10-09,2026-10-09,4.04,%,ok,2026-10-10T01:03:28.632319+00:00
2026-10-10T010329Z,C-US,FRED,DTB3,2026-09-24,2026-10-09,2026-10-09,4.08,%,ok,2026-10-10T01:03:28.632319+00:00
2026-10-10T010329Z,C-US,FRED,DTB3,2026-09-25,2026-10-09,2026-10-09,4.08,%,ok,2026-10-10T01:03:28.632319+00:00
2026-10-10T010329Z,C-US,FRED,DTB3,2026-09-28,2026-10-09,2026-10-09,4.1,%,ok,2026-10-10T01:03:28.632319+00:00
2026-10-10T010329Z,C-US,FRED,DTB3,2026-09-29,2026-10-09,2026-10-09,4.07,%,ok,2026-10-10T01:03:28.632319+00:00
2026-10-10T010329Z,C-US,FRED,DTB3,2026-09-30,2026-10-09,2026-10-09,4.03,%,ok,2026-10-10T01:03:28.632319+00:00
2026-10-10T010329Z,C-US,FRED,DTB3,2026-10-01,2026-10-09,2026-10-09,4.0,%,ok,2026-10-10T01:03:28.632319+00:00
2026-10-10T010329Z,C-US,FRED,DTB3,2026-10-02,2026-10-09,2026-10-09,4.01,%,ok,2026-10-10T01:03:28.632319+00:00
2026-10-10T010329Z,C-US,FRED,DTB3,2026-10-05,2026-10-09,2026-10-09,4.05,%,ok,2026-10-10T01:03:28.632319+00:00
2026-10-10T010329Z,C-US,FRED,DTB3,2026-10-06,2026-10-09,2026-10-09,4.04,%,ok,2026-10-10T01:03:28.632319+00:00
2026-10-10T010329Z,C-US,FRED,DTB3,2026-10-07,2026-10-09,2026-10-09,4.05,%,ok,2026-10-10T01:03:28.632319+00:00
2026-10-10T010329Z,C-US,FRED,DTB3,2026-10-08,2026-10-09,2026-10-09,4.05,%,ok,2026-10-10T01:03:28.632319+00:00
2026-10-10T010329Z,C-US,FRED,TOTBKCR,2025-10-08,2026-10-09,2026-10-09,18791.2907,Bil. of U.S. $,ok,2026-10-10T01:03:29.109313+00:00
2026-10-10T010329Z,C-US,FRED,TOTBKCR,2025-10-15,2026-10-09,2026-10-09,18826.3065,Bil. of U.S. $,ok,2026-10-10T01:03:29.109313+00:00
2026-10-10T010329Z,C-US,FRED,TOTBKCR,2025-10-22,2026-10-09,2026-10-09,18850.6519,Bil. of U.S. $,ok,2026-10-10T01:03:29.109313+00:00
2026-10-10T010329Z,C-US,FRED,TOTBKCR,2025-10-29,2026-10-09,2026-10-09,18839.8427,Bil. of U.S. $,ok,2026-10-10T01:03:29.109313+00:00
2026-10-10T010329Z,C-US,FRED,TOTBKCR,2025-11-05,2026-10-09,2026-10-09,18867.7891,Bil. of U.S. $,ok,2026-10-10T01:03:29.109313+00:00
2026-10-10T010329Z,C-US,FRED,TOTBKCR,2025-11-12,2026-10-09,2026-10-09,18896.4335,Bil. of U.S. $,ok,2026-10-10T01:03:29.109313+00:00
2026-10-10T010329Z,C-US,FRED,TOTBKCR,2025-11-19,2026-10-09,2026-10-09,18922.6175,Bil. of U.S. $,ok,2026-10-10T01:03:29.109313+00:00
2026-10-10T010329Z,C-US,FRED,TOTBKCR,2025-11-26,2026-10-09,2026-10-09,18937.472,Bil. of U.S. $,ok,2026-10-10T01:03:29.109313+00:00
2026-10-10T010329Z,C-US,FRED,TOTBKCR,2025-12-03,2026-10-09,2026-10-09,18910.5332,Bil. of U.S. $,ok,2026-10-10T01:03:29.109313+00:00
2026-10-10T010329Z,C-US,FRED,TOTBKCR,2025-12-10,2026-10-09,2026-10-09,18927.6533,Bil. of U.S. $,ok,2026-10-10T01:03:29.109313+00:00
2026-10-10T010329Z,C-US,FRED,TOTBKCR,2025-12-17,2026-10-09,2026-10-09,18943.2771,Bil. of U.S. $,ok,2026-10-10T01:03:29.109313+00:00
2026-10-10T010329Z,C-US,FRED,TOTBKCR,2025-12-24,2026-10-09,2026-10-09,18968.409,Bil. of U.S. $,ok,2026-10-10T01:03:29.109313+00:00
2026-10-10T010329Z,C-US,FRED,TOTBKCR,2025-12-31,2026-10-09,2026-10-09,18964.2829,Bil. of U.S. $,ok,2026-10-10T01:03:29.109313+00:00
2026-10-10T010329Z,C-US,FRED,TOTBKCR,2026-01-07,2026-10-09,2026-10-09,19021.6213,Bil. of U.S. $,ok,2026-10-10T01:03:29.109313+00:00
2026-10-10T010329Z,C-US,FRED,TOTBKCR,2026-01-14,2026-10-09,2026-10-09,19070.7068,Bil. of U.S. $,ok,2026-10-10T01:03:29.109313+00:00
2026-10-10T010329Z,C-US,FRED,TOTBKCR,2026-01-21,2026-10-09,2026-10-09,19130.857,Bil. of U.S. $,ok,2026-10-10T01:03:29.109313+00:00
2026-10-10T010329Z,C-US,FRED,TOTBKCR,2026-01-28,2026-10-09,2026-10-09,19145.95,Bil. of U.S. $,ok,2026-10-10T01:03:29.109313+00:00
2026-10-10T010329Z,C-US,FRED,TOTBKCR,2026-02-04,2026-10-09,2026-10-09,19185.032,Bil. of U.S. $,ok,2026-10-10T01:03:29.109313+00:00
2026-10-10T010329Z,C-US,FRED,TOTBKCR,2026-02-11,2026-10-09,2026-10-09,19241.8798,Bil. of U.S. $,ok,2026-10-10T01:03:29.109313+00:00
2026-10-10T010329Z,C-US,FRED,TOTBKCR,2026-02-18,2026-10-09,2026-10-09,19266.8543,Bil. of U.S. $,ok,2026-10-10T01:03:29.109313+00:00
2026-10-10T010329Z,C-US,FRED,TOTBKCR,2026-02-25,2026-10-09,2026-10-09,19270.894,Bil. of U.S. $,ok,2026-10-10T01:03:29.109313+00:00
2026-10-10T010329Z,C-US,FRED,TOTBKCR,2026-03-04,2026-10-09,2026-10-09,19310.4475,Bil. of U.S. $,ok,2026-10-10T01:03:29.109313+00:00
2026-10-10T010329Z,C-US,FRED,TOTBKCR,2026-03-11,2026-10-09,2026-10-09,19342.6035,Bil. of U.S. $,ok,2026-10-10T01:03:29.109313+00:00
2026-10-10T010329Z,C-US,FRED,TOTBKCR,2026-03-18,2026-10-09,2026-10-09,19352.4128,Bil. of U.S. $,ok,2026-10-10T01:03:29.109313+00:00
2026-10-10T010329Z,C-US,FRED,TOTBKCR,2026-03-25,2026-10-09,2026-10-09,19378.859,Bil. of U.S. $,ok,2026-10-10T01:03:29.109313+00:00
2026-10-10T010329Z,C-US,FRED,TOTBKCR,2026-04-01,2026-10-09,2026-10-09,19423.6549,Bil. of U.S. $,ok,2026-10-10T01:03:29.109313+00:00
2026-10-10T010329Z,C-US,FRED,TOTBKCR,2026-04-08,2026-10-09,2026-10-09,19450.9764,Bil. of U.S. $,ok,2026-10-10T01:03:29.109313+00:00
2026-10-10T010329Z,C-US,FRED,TOTBKCR,2026-04-15,2026-10-09,2026-10-09,19468.2854,Bil. of U.S. $,ok,2026-10-10T01:03:29.109313+00:00
2026-10-10T010329Z,C-US,FRED,TOTBKCR,2026-04-22,2026-10-09,2026-10-09,19459.5965,Bil. of U.S. $,ok,2026-10-10T01:03:29.109313+00:00
2026-10-10T010329Z,C-US,FRED,TOTBKCR,2026-04-29,2026-10-09,2026-10-09,19465.83,Bil. of U.S. $,ok,2026-10-10T01:03:29.109313+00:00
2026-10-10T010329Z,C-US,FRED,TOTBKCR,2026-05-06,2026-10-09,2026-10-09,19503.2283,Bil. of U.S. $,ok,2026-10-10T01:03:29.109313+00:00
2026-10-10T010329Z,C-US,FRED,TOTBKCR,2026-05-13,2026-10-09,2026-10-09,19539.0675,Bil. of U.S. $,ok,2026-10-10T01:03:29.109313+00:00
2026-10-10T010329Z,C-US,FRED,TOTBKCR,2026-05-20,2026-10-09,2026-10-09,19574.7662,Bil. of U.S. $,ok,2026-10-10T01:03:29.109313+00:00
2026-10-10T010329Z,C-US,FRED,TOTBKCR,2026-05-27,2026-10-09,2026-10-09,19596.0216,Bil. of U.S. $,ok,2026-10-10T01:03:29.109313+00:00
2026-10-10T010329Z,C-US,FRED,TOTBKCR,2026-06-03,2026-10-09,2026-10-09,19588.1281,Bil. of U.S. $,ok,2026-10-10T01:03:29.109313+00:00
2026-10-10T010329Z,C-US,FRED,TOTBKCR,2026-06-10,2026-10-09,2026-10-09,19646.069,Bil. of U.S. $,ok,2026-10-10T01:03:29.109313+00:00
2026-10-10T010329Z,C-US,FRED,TOTBKCR,2026-06-17,2026-10-09,2026-10-09,19660.3214,Bil. of U.S. $,ok,2026-10-10T01:03:29.109313+00:00
2026-10-10T010329Z,C-US,FRED,TOTBKCR,2026-06-24,2026-10-09,2026-10-09,19684.2237,Bil. of U.S. $,ok,2026-10-10T01:03:29.109313+00:00
2026-10-10T010329Z,C-US,FRED,TOTBKCR,2026-07-01,2026-10-09,2026-10-09,19653.973,Bil. of U.S. $,ok,2026-10-10T01:03:29.109313+00:00
2026-10-10T010329Z,C-US,FRED,TOTBKCR,2026-07-08,2026-10-09,2026-10-09,19680.0822,Bil. of U.S. $,ok,2026-10-10T01:03:29.109313+00:00
2026-10-10T010329Z,C-US,FRED,TOTBKCR,2026-07-15,2026-10-09,2026-10-09,19773.5375,Bil. of U.S. $,ok,2026-10-10T01:03:29.109313+00:00
2026-10-10T010329Z,C-US,FRED,TOTBKCR,2026-07-22,2026-10-09,2026-10-09,19748.0349,Bil. of U.S. $,ok,2026-10-10T01:03:29.109313+00:00
2026-10-10T010329Z,C-US,FRED,TOTBKCR,2026-07-29,2026-10-09,2026-10-09,19777.0636,Bil. of U.S. $,ok,2026-10-10T01:03:29.109313+00:00
2026-10-10T010329Z,C-US,FRED,TOTBKCR,2026-08-05,2026-10-09,2026-10-09,19793.2007,Bil. of U.S. $,ok,2026-10-10T01:03:29.109313+00:00
2026-10-10T010329Z,C-US,FRED,TOTBKCR,2026-08-12,2026-10-09,2026-10-09,19804.3914,Bil. of U.S. $,ok,2026-10-10T01:03:29.109313+00:00
2026-10-10T010329Z,C-US,FRED,TOTBKCR,2026-08-19,2026-10-09,2026-10-09,19840.7393,Bil. of U.S. $,ok,2026-10-10T01:03:29.109313+00:00
2026-10-10T010329Z,C-US,FRED,TOTBKCR,2026-08-26,2026-10-09,2026-10-09,19844.3818,Bil. of U.S. $,ok,2026-10-10T01:03:29.109313+00:00
2026-10-10T010329Z,C-US,FRED,TOTBKCR,2026-09-02,2026-10-09,2026-10-09,19847.4197,Bil. of U.S. $,ok,2026-10-10T01:03:29.109313+00:00
2026-10-10T010329Z,C-US,FRED,TOTBKCR,2026-09-09,2026-10-09,2026-10-09,19879.0431,Bil. of U.S. $,ok,2026-10-10T01:03:29.109313+00:00
2026-10-10T010329Z,C-US,FRED,TOTBKCR,2026-09-16,2026-10-09,2026-10-09,19888.3084,Bil. of U.S. $,ok,2026-10-10T01:03:29.109313+00:00
2026-10-10T010329Z,C-US,FRED,TOTBKCR,2026-09-23,2026-10-09,2026-10-09,19863.1284,Bil. of U.S. $,ok,2026-10-10T01:03:29.109313+00:00
2026-10-10T010329Z,C-US,FRED,TOTBKCR,2026-09-30,2026-10-09,2026-10-09,19883.1863,Bil. of U.S. $,ok,2026-10-10T01:03:29.109313+00:00
